filename,height,width,id,date_captured
1_130_90_0_04077.jpg,512,640,0,20210116
0_110_50_0_08412.jpg,512,640,1,20210121
1_60_40_0_04117.jpg,512,640,2,20210116
0_80_80_0_02266.jpg,512,640,3,20210115
1_130_50_0_03905.jpg,512,640,4,20210116
1_60_70_0_00597.jpg,512,640,5,20201217
0_60_60_0_06572.jpg,512,640,6,20210120
1_130_50_0_07202.jpg,512,640,7,20210120
1_60_80_0_07518.jpg,512,640,8,20210120
1_100_40_0_06263.jpg,512,640,9,20210119
1_110_50_0_02614.jpg,512,640,10,20210115
1_90_80_0_05002.jpg,512,640,11,20210118
1_120_90_0_06159.jpg,512,640,12,20210119
1_60_30_0_00112.jpg,512,640,13,20201217
0_100_80_0_08262.jpg,512,640,14,20210121
0_70_50_0_01914.jpg,512,640,15,20210115
1_120_70_0_02967.jpg,512,640,16,20210115
0_70_70_0_06819.jpg,512,640,17,20210120
0_110_50_0_08390.jpg,512,640,18,20210121
0_80_50_0_06967.jpg,512,640,19,20210120
1_70_80_0_01080.jpg,512,640,20,20210114
1_60_60_0_00470.jpg,512,640,21,20201217
1_130_40_0_07180.jpg,512,640,22,20210120
1_90_40_0_08827.jpg,512,640,23,20210121
0_60_30_0_01626.jpg,512,640,24,20210115
0_130_50_0_05637.jpg,512,640,25,20210119
0_70_80_0_02017.jpg,512,640,26,20210115
1_60_80_0_00655.jpg,512,640,27,20201217
1_70_30_0_00881.jpg,512,640,28,20210114
1_110_40_0_05792.jpg,512,640,29,20210119
0_120_30_0_09461.jpg,512,640,30,20210123
1_60_70_0_07491.jpg,512,640,31,20210120
0_60_30_0_06463.jpg,512,640,32,20210120
1_130_50_0_03893.jpg,512,640,33,20210116
1_120_70_0_06092.jpg,512,640,34,20210119
1_70_60_0_04447.jpg,512,640,35,20210116
1_70_60_0_07686.jpg,512,640,36,20210120
1_60_30_0_00119.jpg,512,640,37,20201217
1_110_70_0_05883.jpg,512,640,38,20210119
1_100_60_0_05217.jpg,512,640,39,20210118
1_110_60_0_02655.jpg,512,640,40,20210115
1_60_80_0_00691.jpg,512,640,41,20201217
0_130_70_0_09804.jpg,512,640,42,20210123
1_130_70_0_07265.jpg,512,640,43,20210120
0_80_60_0_02190.jpg,512,640,44,20210115
0_60_40_0_01655.jpg,512,640,45,20210115
0_100_90_0_08291.jpg,512,640,46,20210121
0_80_60_0_02211.jpg,512,640,47,20210115
1_80_90_0_08770.jpg,512,640,48,20210121
1_60_80_0_04250.jpg,512,640,49,20210116
1_110_90_0_05926.jpg,512,640,50,20210119
1_120_80_0_06135.jpg,512,640,51,20210119
1_80_60_0_01230.jpg,512,640,52,20210114
0_120_70_0_09595.jpg,512,640,53,20210123
1_80_30_0_04615.jpg,512,640,54,20210118
1_90_70_0_08947.jpg,512,640,55,20210121
0_130_90_0_05712.jpg,512,640,56,20210119
0_110_50_0_03631.jpg,512,640,57,20210116
1_130_40_0_10010.jpg,512,640,58,20210123
1_130_70_0_07261.jpg,512,640,59,20210120
1_110_90_0_09233.jpg,512,640,60,20210121
1_130_70_0_03972.jpg,512,640,61,20210116
0_120_80_0_09609.jpg,512,640,62,20210123
0_80_80_0_02246.jpg,512,640,63,20210115
1_70_90_0_01100.jpg,512,640,64,20210114
1_90_60_0_08922.jpg,512,640,65,20210121
1_130_40_0_07156.jpg,512,640,66,20210120
1_110_90_0_02749.jpg,512,640,67,20210115
0_130_50_0_09770.jpg,512,640,68,20210123
1_100_70_0_05241.jpg,512,640,69,20210118
0_110_90_0_08529.jpg,512,640,70,20210121
1_60_60_0_00482.jpg,512,640,71,20201217
1_100_90_0_02535.jpg,512,640,72,20210115
1_130_70_0_03991.jpg,512,640,73,20210116
1_60_90_0_04299.jpg,512,640,74,20210116
0_110_30_0_08322.jpg,512,640,75,20210121
1_110_70_0_05864.jpg,512,640,76,20210119
0_130_60_0_09803.jpg,512,640,77,20210123
1_100_60_0_02418.jpg,512,640,78,20210115
1_130_50_0_03924.jpg,512,640,79,20210116
1_60_60_0_00456.jpg,512,640,80,20201217
1_120_30_0_05982.jpg,512,640,81,20210119
0_100_60_0_03407.jpg,512,640,82,20210116
1_110_70_0_09150.jpg,512,640,83,20210121
0_60_30_0_01621.jpg,512,640,84,20210115
1_130_50_0_03892.jpg,512,640,85,20210116
1_130_60_0_10055.jpg,512,640,86,20210123
1_120_80_0_03000.jpg,512,640,87,20210115
1_130_50_0_07193.jpg,512,640,88,20210120
1_60_50_0_07410.jpg,512,640,89,20210120
0_120_40_0_09474.jpg,512,640,90,20210123
1_130_90_0_10146.jpg,512,640,91,20210123
0_80_60_0_02193.jpg,512,640,92,20210115
1_70_60_0_04445.jpg,512,640,93,20210116
0_100_90_0_08286.jpg,512,640,94,20210121
1_60_50_0_00402.jpg,512,640,95,20201217
1_120_90_0_09421.jpg,512,640,96,20210121
1_70_70_0_01036.jpg,512,640,97,20210114
0_60_60_0_06552.jpg,512,640,98,20210120
0_130_30_0_09675.jpg,512,640,99,20210123
1_80_50_0_01203.jpg,512,640,100,20210114
1_60_70_0_00563.jpg,512,640,101,20201217
1_110_60_0_05835.jpg,512,640,102,20210119
0_70_70_0_01982.jpg,512,640,103,20210115
1_110_80_0_09193.jpg,512,640,104,20210121
1_90_60_0_04960.jpg,512,640,105,20210118
0_60_90_0_06673.jpg,512,640,106,20210120
1_110_70_0_09176.jpg,512,640,107,20210121
1_90_60_0_08910.jpg,512,640,108,20210121
0_120_30_0_05342.jpg,512,640,109,20210119
0_80_60_0_02180.jpg,512,640,110,20210115
1_130_50_0_10014.jpg,512,640,111,20210123
1_60_50_0_00379.jpg,512,640,112,20201217
0_60_40_0_01674.jpg,512,640,113,20210115
0_120_40_0_09507.jpg,512,640,114,20210123
1_130_40_0_10004.jpg,512,640,115,20210123
1_90_60_0_01485.jpg,512,640,116,20210114
0_80_90_0_07121.jpg,512,640,117,20210120
1_60_50_0_00347.jpg,512,640,118,20201217
1_130_80_0_04037.jpg,512,640,119,20210116
1_100_50_0_05178.jpg,512,640,120,20210118
1_80_90_0_04793.jpg,512,640,121,20210118
0_110_60_0_03661.jpg,512,640,122,20210116
0_80_40_0_06949.jpg,512,640,123,20210120
1_80_60_0_08702.jpg,512,640,124,20210121
1_70_80_0_07754.jpg,512,640,125,20210120
1_80_40_0_04638.jpg,512,640,126,20210118
1_60_50_0_00297.jpg,512,640,127,20201217
0_120_40_0_09493.jpg,512,640,128,20210123
1_130_40_0_10001.jpg,512,640,129,20210123
1_60_60_0_00426.jpg,512,640,130,20201217
0_70_80_0_06839.jpg,512,640,131,20210120
1_80_40_0_04621.jpg,512,640,132,20210118
1_100_50_0_06267.jpg,512,640,133,20210119
1_80_90_0_01366.jpg,512,640,134,20210114
0_100_50_0_08166.jpg,512,640,135,20210121
1_90_70_0_08927.jpg,512,640,136,20210121
1_60_40_0_07385.jpg,512,640,137,20210120
1_60_50_0_00330.jpg,512,640,138,20201217
1_60_80_0_00651.jpg,512,640,139,20201217
1_60_60_0_00476.jpg,512,640,140,20201217
1_60_30_0_00025.jpg,512,640,141,20201217
1_60_30_0_00030.jpg,512,640,142,20201217
1_70_40_0_07631.jpg,512,640,143,20210120
1_90_70_0_08923.jpg,512,640,144,20210121
1_100_60_0_06317.jpg,512,640,145,20210119
1_60_50_0_00355.jpg,512,640,146,20201217
0_130_40_0_05589.jpg,512,640,147,20210119
1_60_60_0_00531.jpg,512,640,148,20201217
1_70_40_0_07624.jpg,512,640,149,20210120
1_60_40_0_04140.jpg,512,640,150,20210116
1_110_40_0_09078.jpg,512,640,151,20210121
1_70_40_0_07610.jpg,512,640,152,20210120
1_60_30_0_00055.jpg,512,640,153,20201217
0_100_50_0_08169.jpg,512,640,154,20210121
1_130_50_0_07208.jpg,512,640,155,20210120
0_60_70_0_01764.jpg,512,640,156,20210115
1_130_80_0_07299.jpg,512,640,157,20210120
1_60_30_0_00107.jpg,512,640,158,20201217
1_60_70_0_04210.jpg,512,640,159,20210116
0_130_60_0_09796.jpg,512,640,160,20210123
0_120_90_0_09645.jpg,512,640,161,20210123
1_120_60_0_06062.jpg,512,640,162,20210119
0_110_90_0_08552.jpg,512,640,163,20210121
0_100_60_0_08191.jpg,512,640,164,20210121
1_90_80_0_08962.jpg,512,640,165,20210121
1_130_90_0_10154.jpg,512,640,166,20210123
0_110_40_0_08355.jpg,512,640,167,20210121
1_60_70_0_00639.jpg,512,640,168,20201217
1_60_60_0_07462.jpg,512,640,169,20210120
1_90_40_0_01426.jpg,512,640,170,20210114
1_60_70_0_00576.jpg,512,640,171,20201217
0_60_80_0_06639.jpg,512,640,172,20210120
1_90_70_0_01539.jpg,512,640,173,20210114
1_130_70_0_03966.jpg,512,640,174,20210116
0_120_50_0_09514.jpg,512,640,175,20210123
1_60_60_0_00442.jpg,512,640,176,20201217
1_130_50_0_07194.jpg,512,640,177,20210120
1_60_30_0_00009.jpg,512,640,178,20201217
1_70_90_0_01095.jpg,512,640,179,20210114
1_110_70_0_02678.jpg,512,640,180,20210115
0_120_70_0_05475.jpg,512,640,181,20210119
1_60_60_0_00490.jpg,512,640,182,20201217
0_120_30_0_05317.jpg,512,640,183,20210119
0_60_90_0_06659.jpg,512,640,184,20210120
0_110_70_0_08457.jpg,512,640,185,20210121
1_60_50_0_00314.jpg,512,640,186,20201217
1_60_30_0_00099.jpg,512,640,187,20201217
1_60_30_0_00046.jpg,512,640,188,20201217
1_130_60_0_07257.jpg,512,640,189,20210120
1_130_50_0_03921.jpg,512,640,190,20210116
0_70_70_0_06828.jpg,512,640,191,20210120
1_60_30_0_00019.jpg,512,640,192,20201217
1_110_40_0_09091.jpg,512,640,193,20210121
1_130_90_0_07319.jpg,512,640,194,20210120
1_60_70_0_00604.jpg,512,640,195,20201217
1_60_30_0_00120.jpg,512,640,196,20201217
0_130_90_0_05705.jpg,512,640,197,20210119
1_120_30_0_02808.jpg,512,640,198,20210115
0_70_90_0_02069.jpg,512,640,199,20210115
1_60_50_0_00291.jpg,512,640,200,20201217
1_130_60_0_07248.jpg,512,640,201,20210120
1_130_60_0_03952.jpg,512,640,202,20210116
0_100_30_0_08070.jpg,512,640,203,20210121
0_70_90_0_06883.jpg,512,640,204,20210120
1_110_90_0_05933.jpg,512,640,205,20210119
0_110_80_0_03729.jpg,512,640,206,20210116
1_60_80_0_00640.jpg,512,640,207,20201217
0_80_50_0_02154.jpg,512,640,208,20210115
1_80_50_0_08656.jpg,512,640,209,20210121
1_100_80_0_02466.jpg,512,640,210,20210115
0_120_50_0_09534.jpg,512,640,211,20210123
1_120_60_0_06056.jpg,512,640,212,20210119
1_60_60_0_00440.jpg,512,640,213,20201217
1_60_80_0_07532.jpg,512,640,214,20210120
1_110_30_0_02546.jpg,512,640,215,20210115
1_130_80_0_04024.jpg,512,640,216,20210116
0_120_40_0_09505.jpg,512,640,217,20210123
1_100_80_0_05259.jpg,512,640,218,20210118
1_130_70_0_04007.jpg,512,640,219,20210116
1_120_50_0_06024.jpg,512,640,220,20210119
1_130_40_0_07183.jpg,512,640,221,20210120
1_80_70_0_01292.jpg,512,640,222,20210114
1_90_80_0_01561.jpg,512,640,223,20210114
1_60_50_0_00320.jpg,512,640,224,20201217
0_130_60_0_05647.jpg,512,640,225,20210119
1_120_60_0_09353.jpg,512,640,226,20210121
1_70_50_0_00951.jpg,512,640,227,20210114
1_60_80_0_00708.jpg,512,640,228,20201217
1_90_50_0_01465.jpg,512,640,229,20210114
1_60_50_0_00292.jpg,512,640,230,20201217
1_130_30_0_09952.jpg,512,640,231,20210123
1_120_80_0_02981.jpg,512,640,232,20210115
1_60_70_0_00568.jpg,512,640,233,20201217
1_70_90_0_01118.jpg,512,640,234,20210114
0_70_70_0_06816.jpg,512,640,235,20210120
1_100_30_0_05069.jpg,512,640,236,20210118
1_60_60_0_00416.jpg,512,640,237,20201217
1_120_50_0_09338.jpg,512,640,238,20210121
1_60_80_0_00703.jpg,512,640,239,20201217
0_100_40_0_03325.jpg,512,640,240,20210116
1_60_50_0_00312.jpg,512,640,241,20201217
0_110_40_0_08358.jpg,512,640,242,20210121
1_130_50_0_07213.jpg,512,640,243,20210120
1_90_40_0_01407.jpg,512,640,244,20210114
1_90_80_0_08972.jpg,512,640,245,20210121
1_60_50_0_04143.jpg,512,640,246,20210116
0_120_70_0_09576.jpg,512,640,247,20210123
1_130_60_0_03942.jpg,512,640,248,20210116
1_60_90_0_07541.jpg,512,640,249,20210120
1_60_70_0_00549.jpg,512,640,250,20201217
1_60_30_0_00054.jpg,512,640,251,20201217
1_110_90_0_09239.jpg,512,640,252,20210121
1_60_60_0_07459.jpg,512,640,253,20210120
1_60_50_0_00341.jpg,512,640,254,20201217
0_80_40_0_06956.jpg,512,640,255,20210120
1_120_50_0_09328.jpg,512,640,256,20210121
1_60_30_0_00084.jpg,512,640,257,20201217
1_60_70_0_00578.jpg,512,640,258,20201217
0_80_30_0_06899.jpg,512,640,259,20210120
0_80_60_0_07013.jpg,512,640,260,20210120
0_100_40_0_08113.jpg,512,640,261,20210121
1_60_80_0_00719.jpg,512,640,262,20201217
1_60_60_0_00452.jpg,512,640,263,20201217
1_60_80_0_00663.jpg,512,640,264,20201217
1_120_70_0_02957.jpg,512,640,265,20210115
0_100_30_0_03312.jpg,512,640,266,20210116
1_110_50_0_05809.jpg,512,640,267,20210119
0_130_30_0_09670.jpg,512,640,268,20210123
1_70_60_0_07680.jpg,512,640,269,20210120
0_70_90_0_06878.jpg,512,640,270,20210120
1_60_60_0_00465.jpg,512,640,271,20201217
1_90_70_0_05001.jpg,512,640,272,20210118
1_60_70_0_00569.jpg,512,640,273,20201217
1_60_80_0_00685.jpg,512,640,274,20201217
0_60_70_0_01772.jpg,512,640,275,20210115
0_70_40_0_01880.jpg,512,640,276,20210115
0_80_50_0_06976.jpg,512,640,277,20210120
1_130_30_0_07145.jpg,512,640,278,20210120
1_130_50_0_03912.jpg,512,640,279,20210116
0_80_90_0_02285.jpg,512,640,280,20210115
1_130_70_0_10103.jpg,512,640,281,20210123
1_60_70_0_04239.jpg,512,640,282,20210116
0_100_40_0_03340.jpg,512,640,283,20210116
1_80_40_0_08630.jpg,512,640,284,20210121
0_100_60_0_03417.jpg,512,640,285,20210116
0_130_80_0_09834.jpg,512,640,286,20210123
1_130_70_0_03992.jpg,512,640,287,20210116
1_100_30_0_06216.jpg,512,640,288,20210119
1_60_90_0_04291.jpg,512,640,289,20210116
1_70_60_0_00988.jpg,512,640,290,20210114
1_60_50_0_00350.jpg,512,640,291,20201217
1_130_30_0_07135.jpg,512,640,292,20210120
1_60_70_0_00551.jpg,512,640,293,20201217
1_120_60_0_09372.jpg,512,640,294,20210121
1_60_50_0_00296.jpg,512,640,295,20201217
1_90_40_0_08841.jpg,512,640,296,20210121
1_100_70_0_06343.jpg,512,640,297,20210119
0_110_80_0_08522.jpg,512,640,298,20210121
1_60_30_0_00033.jpg,512,640,299,20201217
1_90_30_0_01381.jpg,512,640,300,20210114
1_60_60_0_00471.jpg,512,640,301,20201217
0_120_40_0_05354.jpg,512,640,302,20210119
1_90_30_0_08813.jpg,512,640,303,20210121
1_110_60_0_09124.jpg,512,640,304,20210121
0_60_50_0_01680.jpg,512,640,305,20210115
1_60_60_0_07447.jpg,512,640,306,20210120
0_130_30_0_05546.jpg,512,640,307,20210119
1_70_60_0_01015.jpg,512,640,308,20210114
1_70_40_0_00902.jpg,512,640,309,20210114
1_60_30_0_00127.jpg,512,640,310,20201217
1_60_40_0_07389.jpg,512,640,311,20210120
1_60_30_0_00075.jpg,512,640,312,20201217
1_60_50_0_00396.jpg,512,640,313,20201217
1_100_70_0_06337.jpg,512,640,314,20210119
0_80_70_0_07043.jpg,512,640,315,20210120
1_130_70_0_10093.jpg,512,640,316,20210123
1_70_50_0_00955.jpg,512,640,317,20210114
1_80_80_0_04763.jpg,512,640,318,20210118
1_120_70_0_09389.jpg,512,640,319,20210121
1_100_60_0_02440.jpg,512,640,320,20210115
1_130_70_0_07276.jpg,512,640,321,20210120
1_80_90_0_08786.jpg,512,640,322,20210121
0_60_50_0_01687.jpg,512,640,323,20210115
1_130_30_0_07154.jpg,512,640,324,20210120
0_110_60_0_08427.jpg,512,640,325,20210121
0_100_60_0_03381.jpg,512,640,326,20210116
1_80_30_0_08583.jpg,512,640,327,20210121
1_130_80_0_10144.jpg,512,640,328,20210123
1_60_40_0_07387.jpg,512,640,329,20210120
0_100_60_0_08172.jpg,512,640,330,20210121
1_100_90_0_02506.jpg,512,640,331,20210115
1_60_60_0_00448.jpg,512,640,332,20201217
0_120_50_0_05403.jpg,512,640,333,20210119
1_60_80_0_04254.jpg,512,640,334,20210116
1_70_90_0_04553.jpg,512,640,335,20210116
1_70_70_0_04490.jpg,512,640,336,20210116
1_60_80_0_00699.jpg,512,640,337,20201217
0_110_50_0_08400.jpg,512,640,338,20210121
1_110_70_0_09154.jpg,512,640,339,20210121
1_60_50_0_00295.jpg,512,640,340,20201217
0_120_90_0_09657.jpg,512,640,341,20210123
1_60_60_0_00434.jpg,512,640,342,20201217
1_130_30_0_07125.jpg,512,640,343,20210120
1_110_40_0_02597.jpg,512,640,344,20210115
0_60_30_0_06472.jpg,512,640,345,20210120
1_60_60_0_00458.jpg,512,640,346,20201217
1_60_50_0_00340.jpg,512,640,347,20201217
0_70_90_0_06897.jpg,512,640,348,20210120
1_60_70_0_00542.jpg,512,640,349,20201217
1_60_50_0_00286.jpg,512,640,350,20201217
0_60_60_0_01729.jpg,512,640,351,20210115
1_90_50_0_04930.jpg,512,640,352,20210118
1_60_60_0_00445.jpg,512,640,353,20201217
0_70_60_0_06801.jpg,512,640,354,20210120
1_60_70_0_00544.jpg,512,640,355,20201217
1_60_70_0_07487.jpg,512,640,356,20210120
0_60_30_0_01618.jpg,512,640,357,20210115
1_60_30_0_00101.jpg,512,640,358,20201217
1_110_40_0_09063.jpg,512,640,359,20210121
1_60_30_0_00032.jpg,512,640,360,20201217
1_120_40_0_09308.jpg,512,640,361,20210121
1_60_40_0_07406.jpg,512,640,362,20210120
1_130_30_0_09960.jpg,512,640,363,20210123
1_100_50_0_05142.jpg,512,640,364,20210118
1_120_90_0_09431.jpg,512,640,365,20210121
1_130_80_0_04013.jpg,512,640,366,20210116
1_60_60_0_00509.jpg,512,640,367,20201217
1_60_90_0_04296.jpg,512,640,368,20210116
1_130_50_0_03904.jpg,512,640,369,20210116
0_60_90_0_01827.jpg,512,640,370,20210115
1_80_60_0_08709.jpg,512,640,371,20210121
0_120_40_0_05348.jpg,512,640,372,20210119
0_130_70_0_09826.jpg,512,640,373,20210123
1_60_50_0_00338.jpg,512,640,374,20201217
1_130_60_0_07232.jpg,512,640,375,20210120
1_130_80_0_04045.jpg,512,640,376,20210116
1_120_50_0_06055.jpg,512,640,377,20210119
1_110_30_0_02569.jpg,512,640,378,20210115
0_130_70_0_09806.jpg,512,640,379,20210123
1_90_50_0_04940.jpg,512,640,380,20210118
1_80_30_0_04596.jpg,512,640,381,20210118
0_80_40_0_02136.jpg,512,640,382,20210115
1_60_30_0_00140.jpg,512,640,383,20201217
1_60_80_0_00718.jpg,512,640,384,20201217
0_60_80_0_01800.jpg,512,640,385,20210115
1_100_30_0_02314.jpg,512,640,386,20210115
1_80_80_0_08753.jpg,512,640,387,20210121
0_110_40_0_08350.jpg,512,640,388,20210121
1_100_50_0_06296.jpg,512,640,389,20210119
1_80_80_0_04775.jpg,512,640,390,20210118
1_60_80_0_00648.jpg,512,640,391,20201217
1_90_30_0_08802.jpg,512,640,392,20210121
1_60_60_0_00516.jpg,512,640,393,20201217
0_110_40_0_08363.jpg,512,640,394,20210121
0_120_70_0_09592.jpg,512,640,395,20210123
1_80_80_0_08759.jpg,512,640,396,20210121
1_60_30_0_00034.jpg,512,640,397,20201217
0_120_90_0_05527.jpg,512,640,398,20210119
0_60_60_0_06585.jpg,512,640,399,20210120
1_60_50_0_00372.jpg,512,640,400,20201217
0_130_60_0_09780.jpg,512,640,401,20210123
1_100_40_0_06260.jpg,512,640,402,20210119
0_80_70_0_02227.jpg,512,640,403,20210115
1_60_80_0_00656.jpg,512,640,404,20201217
1_60_30_0_00023.jpg,512,640,405,20201217
1_60_50_0_00349.jpg,512,640,406,20201217
0_130_50_0_09753.jpg,512,640,407,20210123
0_120_60_0_05433.jpg,512,640,408,20210119
0_60_30_0_01616.jpg,512,640,409,20210115
0_120_90_0_09651.jpg,512,640,410,20210123
0_100_80_0_08244.jpg,512,640,411,20210121
1_70_40_0_07599.jpg,512,640,412,20210120
1_70_30_0_04313.jpg,512,640,413,20210116
0_70_30_0_06680.jpg,512,640,414,20210120
0_100_40_0_03320.jpg,512,640,415,20210116
1_60_80_0_00665.jpg,512,640,416,20201217
1_120_50_0_02884.jpg,512,640,417,20210115
1_60_50_0_00310.jpg,512,640,418,20201217
0_110_30_0_03558.jpg,512,640,419,20210116
0_110_80_0_03734.jpg,512,640,420,20210116
1_100_80_0_02472.jpg,512,640,421,20210115
0_110_70_0_08458.jpg,512,640,422,20210121
0_110_90_0_08536.jpg,512,640,423,20210121
1_130_30_0_09959.jpg,512,640,424,20210123
0_70_30_0_01857.jpg,512,640,425,20210115
0_70_80_0_02029.jpg,512,640,426,20210115
1_130_40_0_09991.jpg,512,640,427,20210123
0_120_70_0_05468.jpg,512,640,428,20210119
0_60_50_0_01699.jpg,512,640,429,20210115
1_80_80_0_01302.jpg,512,640,430,20210114
1_130_90_0_04057.jpg,512,640,431,20210116
1_120_80_0_09406.jpg,512,640,432,20210121
1_60_30_0_00041.jpg,512,640,433,20201217
0_70_30_0_01849.jpg,512,640,434,20210115
1_110_90_0_02754.jpg,512,640,435,20210115
0_70_60_0_06787.jpg,512,640,436,20210120
1_130_60_0_03946.jpg,512,640,437,20210116
0_70_80_0_02043.jpg,512,640,438,20210115
1_90_70_0_01528.jpg,512,640,439,20210114
1_90_30_0_08810.jpg,512,640,440,20210121
0_60_50_0_06540.jpg,512,640,441,20210120
1_60_90_0_04277.jpg,512,640,442,20210116
1_60_60_0_00515.jpg,512,640,443,20201217
0_130_30_0_09668.jpg,512,640,444,20210123
0_60_70_0_01756.jpg,512,640,445,20210115
1_60_30_0_00139.jpg,512,640,446,20201217
1_70_60_0_00996.jpg,512,640,447,20210114
1_130_90_0_04054.jpg,512,640,448,20210116
1_90_40_0_01434.jpg,512,640,449,20210114
0_100_70_0_08210.jpg,512,640,450,20210121
0_70_50_0_06753.jpg,512,640,451,20210120
0_100_60_0_08194.jpg,512,640,452,20210121
1_60_50_0_00366.jpg,512,640,453,20201217
1_60_50_0_00300.jpg,512,640,454,20201217
0_80_40_0_02144.jpg,512,640,455,20210115
1_60_60_0_00459.jpg,512,640,456,20201217
1_60_50_0_00290.jpg,512,640,457,20201217
1_60_80_0_00721.jpg,512,640,458,20201217
1_80_70_0_08733.jpg,512,640,459,20210121
1_70_90_0_07800.jpg,512,640,460,20210120
0_120_70_0_05472.jpg,512,640,461,20210119
1_80_50_0_04660.jpg,512,640,462,20210118
1_60_80_0_07535.jpg,512,640,463,20210120
1_60_60_0_07473.jpg,512,640,464,20210120
1_80_80_0_01329.jpg,512,640,465,20210114
1_120_80_0_06132.jpg,512,640,466,20210119
1_60_80_0_00720.jpg,512,640,467,20201217
0_100_50_0_08162.jpg,512,640,468,20210121
1_60_60_0_00423.jpg,512,640,469,20201217
1_130_50_0_07197.jpg,512,640,470,20210120
0_70_80_0_06854.jpg,512,640,471,20210120
1_60_70_0_04222.jpg,512,640,472,20210116
1_60_70_0_07503.jpg,512,640,473,20210120
1_130_30_0_07139.jpg,512,640,474,20210120
1_60_40_0_07409.jpg,512,640,475,20210120
1_60_80_0_00678.jpg,512,640,476,20201217
1_60_70_0_00558.jpg,512,640,477,20201217
1_90_80_0_08955.jpg,512,640,478,20210121
0_100_60_0_08185.jpg,512,640,479,20210121
0_100_30_0_03301.jpg,512,640,480,20210116
1_70_60_0_01006.jpg,512,640,481,20210114
0_60_40_0_01660.jpg,512,640,482,20210115
0_110_90_0_08527.jpg,512,640,483,20210121
1_60_70_0_07493.jpg,512,640,484,20210120
1_70_70_0_07698.jpg,512,640,485,20210120
0_80_50_0_06993.jpg,512,640,486,20210120
0_130_50_0_09756.jpg,512,640,487,20210123
1_130_40_0_03854.jpg,512,640,488,20210116
1_80_70_0_01274.jpg,512,640,489,20210114
1_60_60_0_00508.jpg,512,640,490,20201217
1_70_50_0_07637.jpg,512,640,491,20210120
0_80_30_0_02089.jpg,512,640,492,20210115
0_100_60_0_08199.jpg,512,640,493,20210121
1_130_80_0_04012.jpg,512,640,494,20210116
1_60_80_0_00649.jpg,512,640,495,20201217
0_60_80_0_06628.jpg,512,640,496,20210120
1_70_80_0_04515.jpg,512,640,497,20210116
0_130_40_0_05609.jpg,512,640,498,20210119
1_60_70_0_00607.jpg,512,640,499,20201217
0_120_90_0_09647.jpg,512,640,500,20210123
0_130_90_0_09883.jpg,512,640,501,20210123
0_80_90_0_02291.jpg,512,640,502,20210115
0_130_30_0_05549.jpg,512,640,503,20210119
0_100_60_0_03399.jpg,512,640,504,20210116
1_120_70_0_02965.jpg,512,640,505,20210115
1_60_50_0_00285.jpg,512,640,506,20201217
0_100_60_0_03403.jpg,512,640,507,20210116
0_130_30_0_09672.jpg,512,640,508,20210123
1_110_40_0_02579.jpg,512,640,509,20210115
1_60_70_0_00619.jpg,512,640,510,20201217
1_100_50_0_06293.jpg,512,640,511,20210119
0_60_50_0_01694.jpg,512,640,512,20210115
1_110_60_0_09140.jpg,512,640,513,20210121
1_110_90_0_02751.jpg,512,640,514,20210115
1_120_60_0_02929.jpg,512,640,515,20210115
0_120_90_0_09642.jpg,512,640,516,20210123
0_60_40_0_06482.jpg,512,640,517,20210120
0_60_80_0_06647.jpg,512,640,518,20210120
1_110_30_0_05751.jpg,512,640,519,20210119
0_60_40_0_06500.jpg,512,640,520,20210120
0_130_90_0_05702.jpg,512,640,521,20210119
0_100_70_0_03446.jpg,512,640,522,20210116
1_60_30_0_00010.jpg,512,640,523,20201217
1_130_80_0_07303.jpg,512,640,524,20210120
1_60_50_0_00294.jpg,512,640,525,20201217
1_70_50_0_04389.jpg,512,640,526,20210116
1_70_50_0_07651.jpg,512,640,527,20210120
1_130_40_0_09979.jpg,512,640,528,20210123
1_130_40_0_09987.jpg,512,640,529,20210123
0_60_60_0_06549.jpg,512,640,530,20210120
0_80_80_0_07070.jpg,512,640,531,20210120
1_110_80_0_02717.jpg,512,640,532,20210115
1_130_50_0_07212.jpg,512,640,533,20210120
1_60_50_0_00282.jpg,512,640,534,20201217
0_70_70_0_01995.jpg,512,640,535,20210115
1_120_70_0_06108.jpg,512,640,536,20210119
0_120_50_0_05388.jpg,512,640,537,20210119
1_70_40_0_00930.jpg,512,640,538,20210114
0_70_30_0_06691.jpg,512,640,539,20210120
1_100_40_0_02347.jpg,512,640,540,20210115
1_100_70_0_02456.jpg,512,640,541,20210115
1_60_50_0_00362.jpg,512,640,542,20201217
1_110_30_0_05756.jpg,512,640,543,20210119
1_60_80_0_00647.jpg,512,640,544,20201217
0_70_80_0_02026.jpg,512,640,545,20210115
0_110_80_0_08520.jpg,512,640,546,20210121
1_110_80_0_09214.jpg,512,640,547,20210121
1_80_40_0_08639.jpg,512,640,548,20210121
1_100_30_0_05084.jpg,512,640,549,20210118
1_110_70_0_02691.jpg,512,640,550,20210115
1_130_30_0_09962.jpg,512,640,551,20210123
0_120_70_0_05459.jpg,512,640,552,20210119
1_60_70_0_00545.jpg,512,640,553,20201217
1_120_70_0_06114.jpg,512,640,554,20210119
1_60_80_0_00644.jpg,512,640,555,20201217
1_60_30_0_04097.jpg,512,640,556,20210116
1_60_90_0_07563.jpg,512,640,557,20210120
1_120_70_0_09385.jpg,512,640,558,20210121
0_100_80_0_03468.jpg,512,640,559,20210116
1_130_30_0_07140.jpg,512,640,560,20210120
1_70_30_0_04323.jpg,512,640,561,20210116
0_60_60_0_06561.jpg,512,640,562,20210120
1_120_70_0_02944.jpg,512,640,563,20210115
0_80_50_0_02160.jpg,512,640,564,20210115
1_100_80_0_05273.jpg,512,640,565,20210118
0_120_40_0_09487.jpg,512,640,566,20210123
1_60_40_0_04132.jpg,512,640,567,20210116
0_100_30_0_03292.jpg,512,640,568,20210116
0_100_40_0_03323.jpg,512,640,569,20210116
1_130_80_0_04034.jpg,512,640,570,20210116
1_60_60_0_07454.jpg,512,640,571,20210120
0_130_30_0_09688.jpg,512,640,572,20210123
1_60_70_0_00621.jpg,512,640,573,20201217
0_130_50_0_09748.jpg,512,640,574,20210123
1_70_40_0_00922.jpg,512,640,575,20210114
1_60_30_0_00123.jpg,512,640,576,20201217
1_110_50_0_09096.jpg,512,640,577,20210121
1_120_80_0_09411.jpg,512,640,578,20210121
1_100_80_0_06391.jpg,512,640,579,20210119
1_70_80_0_01072.jpg,512,640,580,20210114
1_100_80_0_02493.jpg,512,640,581,20210115
1_80_50_0_08653.jpg,512,640,582,20210121
1_110_70_0_02710.jpg,512,640,583,20210115
0_100_70_0_03424.jpg,512,640,584,20210116
1_60_50_0_00392.jpg,512,640,585,20201217
0_110_30_0_03571.jpg,512,640,586,20210116
1_130_50_0_07207.jpg,512,640,587,20210120
0_100_90_0_08294.jpg,512,640,588,20210121
1_110_70_0_09170.jpg,512,640,589,20210121
1_130_50_0_07221.jpg,512,640,590,20210120
0_70_40_0_06730.jpg,512,640,591,20210120
0_100_50_0_03359.jpg,512,640,592,20210116
1_110_80_0_02730.jpg,512,640,593,20210115
1_60_70_0_00592.jpg,512,640,594,20201217
1_110_80_0_05924.jpg,512,640,595,20210119
1_120_90_0_06183.jpg,512,640,596,20210119
1_80_40_0_08601.jpg,512,640,597,20210121
1_110_50_0_05815.jpg,512,640,598,20210119
1_130_40_0_07179.jpg,512,640,599,20210120
1_60_60_0_00506.jpg,512,640,600,20201217
0_60_90_0_06655.jpg,512,640,601,20210120
1_100_80_0_06396.jpg,512,640,602,20210119
1_70_60_0_01001.jpg,512,640,603,20210114
1_130_60_0_10077.jpg,512,640,604,20210123
0_130_70_0_05678.jpg,512,640,605,20210119
0_100_70_0_08231.jpg,512,640,606,20210121
1_80_60_0_08690.jpg,512,640,607,20210121
1_60_70_0_00591.jpg,512,640,608,20201217
1_70_70_0_01052.jpg,512,640,609,20210114
1_90_30_0_04838.jpg,512,640,610,20210118
1_60_90_0_04285.jpg,512,640,611,20210116
1_60_60_0_00436.jpg,512,640,612,20201217
1_80_40_0_01189.jpg,512,640,613,20210114
1_60_50_0_00357.jpg,512,640,614,20201217
1_130_90_0_07333.jpg,512,640,615,20210120
1_130_70_0_03974.jpg,512,640,616,20210116
1_90_80_0_08988.jpg,512,640,617,20210121
1_60_50_0_00400.jpg,512,640,618,20201217
1_60_30_0_00128.jpg,512,640,619,20201217
1_120_90_0_09442.jpg,512,640,620,20210121
1_90_50_0_04895.jpg,512,640,621,20210118
1_60_50_0_00365.jpg,512,640,622,20201217
1_130_80_0_10130.jpg,512,640,623,20210123
0_100_80_0_03472.jpg,512,640,624,20210116
1_130_50_0_07218.jpg,512,640,625,20210120
1_80_80_0_04761.jpg,512,640,626,20210118
1_60_30_0_00125.jpg,512,640,627,20201217
1_110_40_0_02591.jpg,512,640,628,20210115
1_130_60_0_03932.jpg,512,640,629,20210116
0_60_90_0_06678.jpg,512,640,630,20210120
1_80_50_0_01196.jpg,512,640,631,20210114
1_120_70_0_06101.jpg,512,640,632,20210119
1_120_70_0_09379.jpg,512,640,633,20210121
1_60_90_0_07556.jpg,512,640,634,20210120
1_60_30_0_00105.jpg,512,640,635,20201217
1_60_70_0_00566.jpg,512,640,636,20201217
1_60_70_0_04208.jpg,512,640,637,20210116
0_60_40_0_06498.jpg,512,640,638,20210120
0_80_40_0_06943.jpg,512,640,639,20210120
1_110_70_0_02695.jpg,512,640,640,20210115
1_130_50_0_03908.jpg,512,640,641,20210116
0_100_60_0_03384.jpg,512,640,642,20210116
1_60_50_0_00335.jpg,512,640,643,20201217
1_60_70_0_00580.jpg,512,640,644,20201217
1_60_30_0_00130.jpg,512,640,645,20201217
0_70_70_0_01989.jpg,512,640,646,20210115
1_90_80_0_05005.jpg,512,640,647,20210118
0_120_60_0_05416.jpg,512,640,648,20210119
0_120_70_0_09578.jpg,512,640,649,20210123
1_80_70_0_01300.jpg,512,640,650,20210114
1_60_50_0_00375.jpg,512,640,651,20201217
0_120_70_0_05454.jpg,512,640,652,20210119
1_70_30_0_04334.jpg,512,640,653,20210116
1_60_70_0_00624.jpg,512,640,654,20201217
1_80_40_0_04632.jpg,512,640,655,20210118
0_80_70_0_07047.jpg,512,640,656,20210120
0_130_30_0_05566.jpg,512,640,657,20210119
1_90_30_0_04847.jpg,512,640,658,20210118
1_60_90_0_07543.jpg,512,640,659,20210120
0_80_40_0_02126.jpg,512,640,660,20210115
1_120_70_0_06090.jpg,512,640,661,20210119
0_120_60_0_05439.jpg,512,640,662,20210119
1_130_40_0_10008.jpg,512,640,663,20210123
1_70_40_0_04367.jpg,512,640,664,20210116
0_100_50_0_03349.jpg,512,640,665,20210116
1_60_50_0_00334.jpg,512,640,666,20201217
1_120_30_0_02784.jpg,512,640,667,20210115
0_110_70_0_08482.jpg,512,640,668,20210121
0_130_80_0_09842.jpg,512,640,669,20210123
1_60_60_0_00410.jpg,512,640,670,20201217
0_110_30_0_08326.jpg,512,640,671,20210121
1_60_60_0_00420.jpg,512,640,672,20201217
1_120_90_0_09426.jpg,512,640,673,20210121
1_120_90_0_09436.jpg,512,640,674,20210121
0_120_60_0_05443.jpg,512,640,675,20210119
1_60_50_0_00384.jpg,512,640,676,20201217
1_70_50_0_00937.jpg,512,640,677,20210114
0_80_40_0_02114.jpg,512,640,678,20210115
1_60_60_0_00451.jpg,512,640,679,20201217
0_100_90_0_03522.jpg,512,640,680,20210116
1_70_70_0_04483.jpg,512,640,681,20210116
1_60_80_0_00657.jpg,512,640,682,20201217
1_70_40_0_00911.jpg,512,640,683,20210114
1_70_30_0_07585.jpg,512,640,684,20210120
0_60_80_0_01791.jpg,512,640,685,20210115
0_60_90_0_01815.jpg,512,640,686,20210115
0_80_50_0_06986.jpg,512,640,687,20210120
1_130_30_0_07124.jpg,512,640,688,20210120
0_100_60_0_03396.jpg,512,640,689,20210116
1_60_50_0_00346.jpg,512,640,690,20201217
0_80_50_0_02176.jpg,512,640,691,20210115
1_60_80_0_00645.jpg,512,640,692,20201217
0_110_80_0_08512.jpg,512,640,693,20210121
1_60_70_0_00541.jpg,512,640,694,20201217
1_130_90_0_04053.jpg,512,640,695,20210116
0_120_60_0_09559.jpg,512,640,696,20210123
1_60_70_0_00553.jpg,512,640,697,20201217
1_130_50_0_10025.jpg,512,640,698,20210123
1_90_30_0_01404.jpg,512,640,699,20210114
1_60_50_0_00370.jpg,512,640,700,20201217
1_60_70_0_00575.jpg,512,640,701,20201217
1_100_70_0_06353.jpg,512,640,702,20210119
0_130_70_0_09820.jpg,512,640,703,20210123
1_130_30_0_09969.jpg,512,640,704,20210123
1_80_30_0_08579.jpg,512,640,705,20210121
0_120_40_0_05358.jpg,512,640,706,20210119
1_70_40_0_04371.jpg,512,640,707,20210116
1_130_70_0_07290.jpg,512,640,708,20210120
1_60_30_0_00005.jpg,512,640,709,20201217
0_70_90_0_02053.jpg,512,640,710,20210115
1_60_80_0_00642.jpg,512,640,711,20201217
1_120_40_0_09295.jpg,512,640,712,20210121
1_130_50_0_07216.jpg,512,640,713,20210120
0_120_80_0_09632.jpg,512,640,714,20210123
0_100_90_0_08267.jpg,512,640,715,20210121
1_130_80_0_04036.jpg,512,640,716,20210116
0_70_60_0_01964.jpg,512,640,717,20210115
1_60_60_0_00538.jpg,512,640,718,20201217
0_70_50_0_06771.jpg,512,640,719,20210120
1_120_80_0_02969.jpg,512,640,720,20210115
1_100_80_0_06403.jpg,512,640,721,20210119
0_100_80_0_08266.jpg,512,640,722,20210121
1_130_30_0_07155.jpg,512,640,723,20210120
0_130_30_0_09691.jpg,512,640,724,20210123
0_130_90_0_05715.jpg,512,640,725,20210119
1_130_50_0_10015.jpg,512,640,726,20210123
1_130_80_0_10118.jpg,512,640,727,20210123
0_120_60_0_05446.jpg,512,640,728,20210119
1_60_50_0_00377.jpg,512,640,729,20201217
1_60_50_0_00353.jpg,512,640,730,20201217
1_60_30_0_00004.jpg,512,640,731,20201217
1_90_50_0_01478.jpg,512,640,732,20210114
1_130_30_0_09965.jpg,512,640,733,20210123
1_130_30_0_09970.jpg,512,640,734,20210123
1_60_50_0_00316.jpg,512,640,735,20201217
0_130_50_0_09738.jpg,512,640,736,20210123
1_60_30_0_00016.jpg,512,640,737,20201217
1_130_80_0_04048.jpg,512,640,738,20210116
0_120_70_0_05465.jpg,512,640,739,20210119
0_130_40_0_09726.jpg,512,640,740,20210123
0_80_60_0_02187.jpg,512,640,741,20210115
1_120_60_0_02918.jpg,512,640,742,20210115
1_60_50_0_00381.jpg,512,640,743,20201217
0_120_30_0_09456.jpg,512,640,744,20210123
0_110_40_0_08370.jpg,512,640,745,20210121
1_60_60_0_00483.jpg,512,640,746,20201217
1_60_60_0_00500.jpg,512,640,747,20201217
0_80_40_0_06928.jpg,512,640,748,20210120
0_70_60_0_01947.jpg,512,640,749,20210115
1_130_50_0_07200.jpg,512,640,750,20210120
1_60_50_0_00397.jpg,512,640,751,20201217
0_130_40_0_09729.jpg,512,640,752,20210123
1_120_50_0_06038.jpg,512,640,753,20210119
1_100_40_0_06257.jpg,512,640,754,20210119
0_60_80_0_01776.jpg,512,640,755,20210115
1_70_30_0_07598.jpg,512,640,756,20210120
1_110_70_0_05868.jpg,512,640,757,20210119
1_60_70_0_00627.jpg,512,640,758,20201217
1_80_50_0_04680.jpg,512,640,759,20210118
1_60_80_0_04264.jpg,512,640,760,20210116
1_70_80_0_01075.jpg,512,640,761,20210114
0_130_80_0_09858.jpg,512,640,762,20210123
0_100_30_0_03298.jpg,512,640,763,20210116
1_80_90_0_01353.jpg,512,640,764,20210114
1_60_50_0_00358.jpg,512,640,765,20201217
0_70_50_0_01926.jpg,512,640,766,20210115
0_70_80_0_02023.jpg,512,640,767,20210115
1_130_30_0_07148.jpg,512,640,768,20210120
1_80_30_0_01154.jpg,512,640,769,20210114
1_60_70_0_00555.jpg,512,640,770,20201217
1_110_50_0_05822.jpg,512,640,771,20210119
1_130_80_0_04043.jpg,512,640,772,20210116
1_120_40_0_06004.jpg,512,640,773,20210119
1_60_30_0_00031.jpg,512,640,774,20201217
0_80_60_0_07018.jpg,512,640,775,20210120
0_130_90_0_09862.jpg,512,640,776,20210123
0_110_70_0_03714.jpg,512,640,777,20210116
1_60_60_0_00441.jpg,512,640,778,20201217
1_100_30_0_02322.jpg,512,640,779,20210115
1_110_90_0_09257.jpg,512,640,780,20210121
1_130_70_0_03976.jpg,512,640,781,20210116
1_60_90_0_07567.jpg,512,640,782,20210120
0_130_40_0_09723.jpg,512,640,783,20210123
1_60_50_0_00283.jpg,512,640,784,20201217
1_60_40_0_04124.jpg,512,640,785,20210116
1_70_60_0_07664.jpg,512,640,786,20210120
0_80_90_0_07093.jpg,512,640,787,20210120
1_110_70_0_05862.jpg,512,640,788,20210119
1_130_80_0_04044.jpg,512,640,789,20210116
1_80_90_0_08776.jpg,512,640,790,20210121
0_130_30_0_05578.jpg,512,640,791,20210119
0_80_80_0_02243.jpg,512,640,792,20210115
1_70_40_0_00927.jpg,512,640,793,20210114
0_100_90_0_08301.jpg,512,640,794,20210121
1_90_80_0_08987.jpg,512,640,795,20210121
1_130_30_0_09961.jpg,512,640,796,20210123
1_60_30_0_00079.jpg,512,640,797,20201217
1_60_50_0_00324.jpg,512,640,798,20201217
0_80_40_0_02123.jpg,512,640,799,20210115
0_130_70_0_05667.jpg,512,640,800,20210119
1_60_80_0_00675.jpg,512,640,801,20201217
0_110_70_0_03710.jpg,512,640,802,20210116
1_60_70_0_00574.jpg,512,640,803,20201217
0_80_70_0_02216.jpg,512,640,804,20210115
1_100_50_0_06265.jpg,512,640,805,20210119
1_130_80_0_07297.jpg,512,640,806,20210120
1_100_40_0_05118.jpg,512,640,807,20210118
1_70_50_0_07653.jpg,512,640,808,20210120
1_60_70_0_07481.jpg,512,640,809,20210120
1_80_90_0_01336.jpg,512,640,810,20210114
1_60_80_0_00683.jpg,512,640,811,20201217
1_60_30_0_00085.jpg,512,640,812,20201217
0_60_40_0_01657.jpg,512,640,813,20210115
0_120_80_0_05502.jpg,512,640,814,20210119
1_120_60_0_06068.jpg,512,640,815,20210119
1_70_30_0_04317.jpg,512,640,816,20210116
1_60_50_0_00380.jpg,512,640,817,20201217
1_60_50_0_00288.jpg,512,640,818,20201217
1_60_30_0_00027.jpg,512,640,819,20201217
1_80_50_0_08642.jpg,512,640,820,20210121
1_100_90_0_02523.jpg,512,640,821,20210115
1_60_60_0_00521.jpg,512,640,822,20201217
0_130_50_0_05629.jpg,512,640,823,20210119
1_70_50_0_07660.jpg,512,640,824,20210120
1_80_90_0_04807.jpg,512,640,825,20210118
1_120_70_0_06095.jpg,512,640,826,20210119
1_60_70_0_00589.jpg,512,640,827,20201217
0_130_30_0_05553.jpg,512,640,828,20210119
1_70_30_0_07587.jpg,512,640,829,20210120
1_100_60_0_05195.jpg,512,640,830,20210118
0_120_90_0_05540.jpg,512,640,831,20210119
1_60_50_0_00369.jpg,512,640,832,20201217
1_80_60_0_04697.jpg,512,640,833,20210118
1_70_60_0_07696.jpg,512,640,834,20210120
1_110_90_0_02769.jpg,512,640,835,20210115
1_60_60_0_00487.jpg,512,640,836,20201217
1_130_50_0_03914.jpg,512,640,837,20210116
1_60_70_0_00565.jpg,512,640,838,20201217
0_100_60_0_08180.jpg,512,640,839,20210121
0_130_90_0_05709.jpg,512,640,840,20210119
1_110_80_0_02727.jpg,512,640,841,20210115
1_90_50_0_01443.jpg,512,640,842,20210114
1_60_50_0_00304.jpg,512,640,843,20201217
1_60_70_0_00616.jpg,512,640,844,20201217
1_90_90_0_01573.jpg,512,640,845,20210114
1_120_70_0_06102.jpg,512,640,846,20210119
1_130_80_0_04019.jpg,512,640,847,20210116
1_80_50_0_08650.jpg,512,640,848,20210121
1_60_60_0_00409.jpg,512,640,849,20201217
0_60_30_0_01611.jpg,512,640,850,20210115
1_60_60_0_00478.jpg,512,640,851,20201217
1_130_90_0_07338.jpg,512,640,852,20210120
0_60_60_0_06560.jpg,512,640,853,20210120
1_70_70_0_07705.jpg,512,640,854,20210120
0_110_30_0_03563.jpg,512,640,855,20210116
0_120_90_0_05543.jpg,512,640,856,20210119
1_60_70_0_00610.jpg,512,640,857,20201217
1_130_40_0_09994.jpg,512,640,858,20210123
1_80_80_0_01317.jpg,512,640,859,20210114
1_60_60_0_00493.jpg,512,640,860,20201217
1_80_70_0_08713.jpg,512,640,861,20210121
0_100_30_0_08085.jpg,512,640,862,20210121
1_110_40_0_05760.jpg,512,640,863,20210119
0_110_50_0_08402.jpg,512,640,864,20210121
0_120_60_0_09544.jpg,512,640,865,20210123
1_90_80_0_01548.jpg,512,640,866,20210114
1_120_70_0_06111.jpg,512,640,867,20210119
0_100_80_0_08236.jpg,512,640,868,20210121
1_130_50_0_03919.jpg,512,640,869,20210116
1_60_80_0_00667.jpg,512,640,870,20201217
1_130_80_0_04030.jpg,512,640,871,20210116
1_70_50_0_00942.jpg,512,640,872,20210114
1_130_90_0_10150.jpg,512,640,873,20210123
1_120_60_0_09363.jpg,512,640,874,20210121
1_80_40_0_08606.jpg,512,640,875,20210121
0_120_40_0_05359.jpg,512,640,876,20210119
0_70_30_0_06685.jpg,512,640,877,20210120
0_110_90_0_08562.jpg,512,640,878,20210121
1_130_40_0_10002.jpg,512,640,879,20210123
1_60_30_0_00145.jpg,512,640,880,20201217
0_80_50_0_02168.jpg,512,640,881,20210115
1_90_50_0_08866.jpg,512,640,882,20210121
1_70_90_0_04573.jpg,512,640,883,20210116
1_60_50_0_00326.jpg,512,640,884,20201217
1_60_60_0_00467.jpg,512,640,885,20201217
1_70_50_0_04418.jpg,512,640,886,20210116
1_60_70_0_00540.jpg,512,640,887,20201217
1_110_70_0_05858.jpg,512,640,888,20210119
0_100_30_0_08080.jpg,512,640,889,20210121
1_70_40_0_00914.jpg,512,640,890,20210114
1_80_30_0_04589.jpg,512,640,891,20210118
0_120_80_0_05499.jpg,512,640,892,20210119
1_80_50_0_08666.jpg,512,640,893,20210121
0_130_50_0_09742.jpg,512,640,894,20210123
0_60_30_0_01623.jpg,512,640,895,20210115
1_80_50_0_08645.jpg,512,640,896,20210121
0_110_40_0_08369.jpg,512,640,897,20210121
0_80_80_0_07079.jpg,512,640,898,20210120
1_60_30_0_00135.jpg,512,640,899,20201217
1_100_70_0_06357.jpg,512,640,900,20210119
0_110_80_0_08518.jpg,512,640,901,20210121
1_80_70_0_04746.jpg,512,640,902,20210118
1_130_30_0_07137.jpg,512,640,903,20210120
0_120_60_0_05419.jpg,512,640,904,20210119
1_60_50_0_00389.jpg,512,640,905,20201217
1_100_90_0_02501.jpg,512,640,906,20210115
1_130_50_0_03916.jpg,512,640,907,20210116
0_120_60_0_09569.jpg,512,640,908,20210123
0_60_70_0_01768.jpg,512,640,909,20210115
1_130_50_0_03918.jpg,512,640,910,20210116
1_110_50_0_05795.jpg,512,640,911,20210119
1_120_30_0_09266.jpg,512,640,912,20210121
1_60_70_0_00603.jpg,512,640,913,20201217
0_60_90_0_01830.jpg,512,640,914,20210115
1_130_50_0_03896.jpg,512,640,915,20210116
1_60_30_0_00094.jpg,512,640,916,20201217
0_100_30_0_03281.jpg,512,640,917,20210116
1_90_30_0_01388.jpg,512,640,918,20210114
0_100_60_0_03410.jpg,512,640,919,20210116
1_60_30_0_00040.jpg,512,640,920,20201217
1_130_50_0_03913.jpg,512,640,921,20210116
1_60_80_0_07525.jpg,512,640,922,20210120
1_60_70_0_00605.jpg,512,640,923,20201217
1_60_50_0_00342.jpg,512,640,924,20201217
0_80_50_0_02173.jpg,512,640,925,20210115
1_130_40_0_09981.jpg,512,640,926,20210123
0_130_60_0_05651.jpg,512,640,927,20210119
1_110_90_0_09263.jpg,512,640,928,20210121
0_70_30_0_06714.jpg,512,640,929,20210120
1_60_50_0_07423.jpg,512,640,930,20210120
0_130_30_0_05580.jpg,512,640,931,20210119
0_80_70_0_07050.jpg,512,640,932,20210120
1_110_60_0_05850.jpg,512,640,933,20210119
0_70_80_0_06851.jpg,512,640,934,20210120
1_60_60_0_07467.jpg,512,640,935,20210120
0_100_90_0_08277.jpg,512,640,936,20210121
1_110_80_0_05893.jpg,512,640,937,20210119
0_60_70_0_06611.jpg,512,640,938,20210120
1_120_80_0_06124.jpg,512,640,939,20210119
1_60_40_0_07398.jpg,512,640,940,20210120
1_100_30_0_02304.jpg,512,640,941,20210115
1_130_60_0_03933.jpg,512,640,942,20210116
0_100_30_0_08072.jpg,512,640,943,20210121
1_70_30_0_07570.jpg,512,640,944,20210120
0_130_90_0_09864.jpg,512,640,945,20210123
1_60_30_0_00050.jpg,512,640,946,20201217
1_100_50_0_06289.jpg,512,640,947,20210119
0_100_60_0_08182.jpg,512,640,948,20210121
1_100_60_0_02406.jpg,512,640,949,20210115
0_120_50_0_09516.jpg,512,640,950,20210123
1_80_50_0_01213.jpg,512,640,951,20210114
1_130_50_0_03906.jpg,512,640,952,20210116
0_110_30_0_03539.jpg,512,640,953,20210116
0_120_30_0_05335.jpg,512,640,954,20210119
0_120_50_0_09530.jpg,512,640,955,20210123
1_130_50_0_03922.jpg,512,640,956,20210116
1_60_60_0_00427.jpg,512,640,957,20201217
1_100_40_0_05107.jpg,512,640,958,20210118
0_130_50_0_09759.jpg,512,640,959,20210123
1_90_70_0_08950.jpg,512,640,960,20210121
0_100_90_0_08271.jpg,512,640,961,20210121
1_110_60_0_09121.jpg,512,640,962,20210121
1_110_40_0_02586.jpg,512,640,963,20210115
0_110_60_0_03657.jpg,512,640,964,20210116
0_80_80_0_02260.jpg,512,640,965,20210115
1_80_60_0_01241.jpg,512,640,966,20210114
0_130_30_0_05558.jpg,512,640,967,20210119
0_60_70_0_06596.jpg,512,640,968,20210120
1_130_40_0_09988.jpg,512,640,969,20210123
1_90_30_0_01397.jpg,512,640,970,20210114
1_60_70_0_00629.jpg,512,640,971,20201217
0_110_70_0_08486.jpg,512,640,972,20210121
1_130_50_0_10012.jpg,512,640,973,20210123
0_120_60_0_05431.jpg,512,640,974,20210119
1_60_50_0_00313.jpg,512,640,975,20201217
0_100_30_0_03309.jpg,512,640,976,20210116
0_60_50_0_06547.jpg,512,640,977,20210120
0_120_70_0_09582.jpg,512,640,978,20210123
1_90_70_0_01533.jpg,512,640,979,20210114
0_100_40_0_08111.jpg,512,640,980,20210121
0_120_40_0_05376.jpg,512,640,981,20210119
0_70_80_0_02015.jpg,512,640,982,20210115
0_60_30_0_06470.jpg,512,640,983,20210120
1_60_50_0_00332.jpg,512,640,984,20201217
1_100_40_0_06258.jpg,512,640,985,20210119
1_60_60_0_00519.jpg,512,640,986,20201217
1_90_50_0_04923.jpg,512,640,987,20210118
1_130_50_0_07191.jpg,512,640,988,20210120
0_60_60_0_01740.jpg,512,640,989,20210115
0_70_70_0_06837.jpg,512,640,990,20210120
1_130_80_0_04026.jpg,512,640,991,20210116
1_70_50_0_07656.jpg,512,640,992,20210120
0_60_70_0_06590.jpg,512,640,993,20210120
1_120_60_0_02928.jpg,512,640,994,20210115
0_80_60_0_06995.jpg,512,640,995,20210120
1_60_70_0_07496.jpg,512,640,996,20210120
1_70_90_0_04565.jpg,512,640,997,20210116
0_130_40_0_05598.jpg,512,640,998,20210119
1_100_80_0_02488.jpg,512,640,999,20210115
1_120_60_0_06069.jpg,512,640,1000,20210119
1_130_60_0_07234.jpg,512,640,1001,20210120
0_100_50_0_08147.jpg,512,640,1002,20210121
1_90_60_0_01504.jpg,512,640,1003,20210114
1_60_30_0_00102.jpg,512,640,1004,20201217
1_70_30_0_07580.jpg,512,640,1005,20210120
1_60_70_0_00586.jpg,512,640,1006,20201217
0_110_90_0_08549.jpg,512,640,1007,20210121
0_120_80_0_05492.jpg,512,640,1008,20210119
1_70_50_0_07648.jpg,512,640,1009,20210120
1_60_70_0_07485.jpg,512,640,1010,20210120
1_60_60_0_00447.jpg,512,640,1011,20201217
1_100_60_0_05208.jpg,512,640,1012,20210118
1_100_80_0_06379.jpg,512,640,1013,20210119
0_130_40_0_05592.jpg,512,640,1014,20210119
0_130_50_0_09745.jpg,512,640,1015,20210123
0_60_80_0_06631.jpg,512,640,1016,20210120
1_120_80_0_09415.jpg,512,640,1017,20210121
1_60_30_0_04105.jpg,512,640,1018,20210116
1_60_30_0_00115.jpg,512,640,1019,20201217
1_90_60_0_08892.jpg,512,640,1020,20210121
1_60_70_0_00567.jpg,512,640,1021,20201217
1_130_70_0_03994.jpg,512,640,1022,20210116
1_70_40_0_07613.jpg,512,640,1023,20210120
1_110_60_0_05843.jpg,512,640,1024,20210119
1_100_30_0_02327.jpg,512,640,1025,20210115
1_130_30_0_03841.jpg,512,640,1026,20210116
1_70_30_0_07589.jpg,512,640,1027,20210120
1_60_50_0_00325.jpg,512,640,1028,20201217
1_130_50_0_03917.jpg,512,640,1029,20210116
1_130_90_0_04063.jpg,512,640,1030,20210116
0_60_50_0_01703.jpg,512,640,1031,20210115
1_80_90_0_04815.jpg,512,640,1032,20210118
1_130_50_0_07217.jpg,512,640,1033,20210120
0_70_60_0_01977.jpg,512,640,1034,20210115
1_130_50_0_07222.jpg,512,640,1035,20210120
1_90_60_0_04968.jpg,512,640,1036,20210118
0_80_80_0_07067.jpg,512,640,1037,20210120
1_130_30_0_09953.jpg,512,640,1038,20210123
1_60_70_0_00620.jpg,512,640,1039,20201217
1_120_80_0_06122.jpg,512,640,1040,20210119
1_60_80_0_00668.jpg,512,640,1041,20201217
0_110_40_0_08359.jpg,512,640,1042,20210121
0_60_30_0_06443.jpg,512,640,1043,20210120
0_110_40_0_08346.jpg,512,640,1044,20210121
1_90_40_0_04865.jpg,512,640,1045,20210118
1_60_50_0_00374.jpg,512,640,1046,20201217
1_60_70_0_00596.jpg,512,640,1047,20201217
0_100_70_0_08212.jpg,512,640,1048,20210121
1_90_60_0_04941.jpg,512,640,1049,20210118
1_60_30_0_00144.jpg,512,640,1050,20201217
1_110_80_0_09222.jpg,512,640,1051,20210121
1_130_60_0_10061.jpg,512,640,1052,20210123
1_90_60_0_01510.jpg,512,640,1053,20210114
0_100_70_0_08217.jpg,512,640,1054,20210121
1_60_30_0_00141.jpg,512,640,1055,20201217
1_60_50_0_00352.jpg,512,640,1056,20201217
1_80_50_0_04687.jpg,512,640,1057,20210118
1_110_60_0_09118.jpg,512,640,1058,20210121
1_120_60_0_02925.jpg,512,640,1059,20210115
0_60_90_0_01817.jpg,512,640,1060,20210115
1_130_50_0_03907.jpg,512,640,1061,20210116
1_90_80_0_01543.jpg,512,640,1062,20210114
0_120_80_0_09620.jpg,512,640,1063,20210123
0_130_60_0_05653.jpg,512,640,1064,20210119
0_60_70_0_01766.jpg,512,640,1065,20210115
0_130_40_0_09713.jpg,512,640,1066,20210123
0_110_60_0_08429.jpg,512,640,1067,20210121
1_100_80_0_02499.jpg,512,640,1068,20210115
1_60_60_0_00537.jpg,512,640,1069,20201217
1_90_70_0_01517.jpg,512,640,1070,20210114
1_110_50_0_02624.jpg,512,640,1071,20210115
1_60_30_0_07347.jpg,512,640,1072,20210120
1_60_60_0_00494.jpg,512,640,1073,20201217
1_130_30_0_07143.jpg,512,640,1074,20210120
0_120_40_0_09478.jpg,512,640,1075,20210123
0_100_90_0_08269.jpg,512,640,1076,20210121
1_80_90_0_08792.jpg,512,640,1077,20210121
1_60_60_0_00414.jpg,512,640,1078,20201217
1_80_90_0_08781.jpg,512,640,1079,20210121
1_130_40_0_09995.jpg,512,640,1080,20210123
1_60_60_0_00413.jpg,512,640,1081,20201217
0_100_30_0_03291.jpg,512,640,1082,20210116
1_130_50_0_03895.jpg,512,640,1083,20210116
1_70_60_0_07694.jpg,512,640,1084,20210120
0_80_30_0_02083.jpg,512,640,1085,20210115
1_120_70_0_09387.jpg,512,640,1086,20210121
1_60_80_0_07523.jpg,512,640,1087,20210120
1_60_30_0_00111.jpg,512,640,1088,20201217
1_60_60_0_00534.jpg,512,640,1089,20201217
1_80_60_0_01253.jpg,512,640,1090,20210114
0_130_60_0_05638.jpg,512,640,1091,20210119
1_60_70_0_00631.jpg,512,640,1092,20201217
0_110_60_0_03686.jpg,512,640,1093,20210116
0_120_50_0_05379.jpg,512,640,1094,20210119
1_60_30_0_00103.jpg,512,640,1095,20201217
0_130_60_0_09791.jpg,512,640,1096,20210123
1_90_40_0_08833.jpg,512,640,1097,20210121
1_60_50_0_00356.jpg,512,640,1098,20201217
1_80_80_0_04778.jpg,512,640,1099,20210118
1_80_50_0_01198.jpg,512,640,1100,20210114
1_60_80_0_00696.jpg,512,640,1101,20201217
1_130_40_0_03872.jpg,512,640,1102,20210116
1_60_80_0_00641.jpg,512,640,1103,20201217
1_60_50_0_00311.jpg,512,640,1104,20201217
1_120_40_0_09297.jpg,512,640,1105,20210121
1_90_80_0_05012.jpg,512,640,1106,20210118
1_60_50_0_00361.jpg,512,640,1107,20201217
0_70_90_0_06867.jpg,512,640,1108,20210120
1_80_40_0_04653.jpg,512,640,1109,20210118
0_110_30_0_03555.jpg,512,640,1110,20210116
1_60_80_0_07514.jpg,512,640,1111,20210120
1_60_50_0_00322.jpg,512,640,1112,20201217
0_120_50_0_05396.jpg,512,640,1113,20210119
1_60_60_0_00518.jpg,512,640,1114,20201217
1_110_90_0_05953.jpg,512,640,1115,20210119
1_60_50_0_04157.jpg,512,640,1116,20210116
0_60_60_0_01709.jpg,512,640,1117,20210115
1_130_60_0_10065.jpg,512,640,1118,20210123
1_60_80_0_00713.jpg,512,640,1119,20201217
1_120_50_0_06026.jpg,512,640,1120,20210119
1_120_70_0_09373.jpg,512,640,1121,20210121
1_80_70_0_01285.jpg,512,640,1122,20210114
0_60_90_0_06669.jpg,512,640,1123,20210120
1_130_80_0_04025.jpg,512,640,1124,20210116
0_100_70_0_08214.jpg,512,640,1125,20210121
0_60_60_0_06556.jpg,512,640,1126,20210120
0_60_30_0_06457.jpg,512,640,1127,20210120
0_100_70_0_03459.jpg,512,640,1128,20210116
1_60_30_0_00038.jpg,512,640,1129,20201217
1_130_90_0_07329.jpg,512,640,1130,20210120
1_60_30_0_00024.jpg,512,640,1131,20201217
1_100_90_0_06410.jpg,512,640,1132,20210119
0_120_90_0_09653.jpg,512,640,1133,20210123
0_70_40_0_06725.jpg,512,640,1134,20210120
1_80_80_0_08744.jpg,512,640,1135,20210121
1_90_90_0_01599.jpg,512,640,1136,20210114
0_120_40_0_09484.jpg,512,640,1137,20210123
1_120_70_0_09376.jpg,512,640,1138,20210121
1_130_30_0_07134.jpg,512,640,1139,20210120
1_60_30_0_00148.jpg,512,640,1140,20201217
1_130_60_0_03935.jpg,512,640,1141,20210116
0_100_50_0_03365.jpg,512,640,1142,20210116
1_90_50_0_01454.jpg,512,640,1143,20210114
0_70_40_0_06745.jpg,512,640,1144,20210120
1_120_40_0_06014.jpg,512,640,1145,20210119
0_100_60_0_03414.jpg,512,640,1146,20210116
1_110_40_0_05776.jpg,512,640,1147,20210119
1_90_90_0_01606.jpg,512,640,1148,20210114
1_60_60_0_00489.jpg,512,640,1149,20201217
1_120_60_0_02911.jpg,512,640,1150,20210115
1_100_40_0_05141.jpg,512,640,1151,20210118
1_130_30_0_07144.jpg,512,640,1152,20210120
1_60_70_0_00612.jpg,512,640,1153,20201217
1_60_50_0_00405.jpg,512,640,1154,20201217
0_100_30_0_03304.jpg,512,640,1155,20210116
1_80_50_0_01218.jpg,512,640,1156,20210114
1_100_60_0_02401.jpg,512,640,1157,20210115
1_80_40_0_04648.jpg,512,640,1158,20210118
1_60_50_0_00382.jpg,512,640,1159,20201217
1_90_40_0_04885.jpg,512,640,1160,20210118
1_60_50_0_00386.jpg,512,640,1161,20201217
1_90_80_0_05007.jpg,512,640,1162,20210118
0_100_70_0_03454.jpg,512,640,1163,20210116
1_130_50_0_07199.jpg,512,640,1164,20210120
1_120_90_0_03014.jpg,512,640,1165,20210115
1_60_30_0_00067.jpg,512,640,1166,20201217
1_60_70_0_04213.jpg,512,640,1167,20210116
1_90_50_0_01447.jpg,512,640,1168,20210114
1_60_50_0_00383.jpg,512,640,1169,20201217
1_60_50_0_00388.jpg,512,640,1170,20201217
1_70_30_0_07591.jpg,512,640,1171,20210120
0_100_30_0_03302.jpg,512,640,1172,20210116
1_70_90_0_01128.jpg,512,640,1173,20210114
1_60_80_0_00654.jpg,512,640,1174,20201217
1_60_70_0_04216.jpg,512,640,1175,20210116
0_120_40_0_05367.jpg,512,640,1176,20210119
0_60_90_0_01835.jpg,512,640,1177,20210115
1_120_40_0_06016.jpg,512,640,1178,20210119
0_100_70_0_08223.jpg,512,640,1179,20210121
1_130_90_0_04073.jpg,512,640,1180,20210116
1_100_90_0_05303.jpg,512,640,1181,20210118
1_120_80_0_02997.jpg,512,640,1182,20210115
1_120_60_0_02921.jpg,512,640,1183,20210115
0_120_40_0_05369.jpg,512,640,1184,20210119
1_70_30_0_00901.jpg,512,640,1185,20210114
0_70_90_0_02057.jpg,512,640,1186,20210115
1_100_70_0_02448.jpg,512,640,1187,20210115
1_120_90_0_06180.jpg,512,640,1188,20210119
1_80_50_0_08661.jpg,512,640,1189,20210121
1_110_90_0_09246.jpg,512,640,1190,20210121
1_70_30_0_00867.jpg,512,640,1191,20210114
0_100_40_0_08101.jpg,512,640,1192,20210121
0_80_80_0_02249.jpg,512,640,1193,20210115
1_70_40_0_04357.jpg,512,640,1194,20210116
1_60_50_0_00406.jpg,512,640,1195,20201217
1_130_40_0_10006.jpg,512,640,1196,20210123
1_120_90_0_06178.jpg,512,640,1197,20210119
0_80_30_0_02097.jpg,512,640,1198,20210115
1_110_90_0_02776.jpg,512,640,1199,20210115
1_130_50_0_07201.jpg,512,640,1200,20210120
1_130_50_0_03927.jpg,512,640,1201,20210116
0_110_50_0_08379.jpg,512,640,1202,20210121
0_60_30_0_06452.jpg,512,640,1203,20210120
1_60_30_0_00086.jpg,512,640,1204,20201217
1_110_80_0_09202.jpg,512,640,1205,20210121
0_70_60_0_01952.jpg,512,640,1206,20210115
1_60_60_0_00464.jpg,512,640,1207,20201217
0_100_50_0_08164.jpg,512,640,1208,20210121
0_130_60_0_05645.jpg,512,640,1209,20210119
1_70_60_0_04443.jpg,512,640,1210,20210116
0_100_40_0_03336.jpg,512,640,1211,20210116
1_60_80_0_00669.jpg,512,640,1212,20201217
1_60_70_0_00579.jpg,512,640,1213,20201217
1_80_40_0_01164.jpg,512,640,1214,20210114
1_130_40_0_09999.jpg,512,640,1215,20210123
1_100_50_0_02387.jpg,512,640,1216,20210115
1_130_90_0_10169.jpg,512,640,1217,20210123
1_60_60_0_00502.jpg,512,640,1218,20201217
1_80_60_0_04715.jpg,512,640,1219,20210118
1_60_80_0_00716.jpg,512,640,1220,20201217
1_60_80_0_00650.jpg,512,640,1221,20201217
0_60_40_0_01669.jpg,512,640,1222,20210115
1_60_50_0_00364.jpg,512,640,1223,20201217
0_100_70_0_08207.jpg,512,640,1224,20210121
1_60_60_0_00525.jpg,512,640,1225,20201217
1_60_60_0_00449.jpg,512,640,1226,20201217
0_120_60_0_05436.jpg,512,640,1227,20210119
1_60_50_0_00323.jpg,512,640,1228,20201217
0_70_90_0_06891.jpg,512,640,1229,20210120
1_130_50_0_07203.jpg,512,640,1230,20210120
0_60_40_0_01672.jpg,512,640,1231,20210115
1_80_40_0_08614.jpg,512,640,1232,20210121
1_60_60_0_04194.jpg,512,640,1233,20210116
0_100_90_0_03535.jpg,512,640,1234,20210116
1_130_80_0_04010.jpg,512,640,1235,20210116
1_120_80_0_02970.jpg,512,640,1236,20210115
1_60_30_0_00062.jpg,512,640,1237,20201217
1_80_70_0_08741.jpg,512,640,1238,20210121
1_60_90_0_04279.jpg,512,640,1239,20210116
1_60_80_0_00698.jpg,512,640,1240,20201217
1_100_30_0_02338.jpg,512,640,1241,20210115
0_60_30_0_06448.jpg,512,640,1242,20210120
0_70_90_0_06870.jpg,512,640,1243,20210120
0_120_30_0_05315.jpg,512,640,1244,20210119
1_90_70_0_08953.jpg,512,640,1245,20210121
0_100_60_0_03405.jpg,512,640,1246,20210116
1_70_60_0_04425.jpg,512,640,1247,20210116
0_130_90_0_09860.jpg,512,640,1248,20210123
1_90_60_0_08906.jpg,512,640,1249,20210121
1_80_30_0_04613.jpg,512,640,1250,20210118
0_130_90_0_09869.jpg,512,640,1251,20210123
1_60_80_0_00705.jpg,512,640,1252,20201217
1_70_30_0_07576.jpg,512,640,1253,20210120
1_80_90_0_04828.jpg,512,640,1254,20210118
1_60_70_0_00548.jpg,512,640,1255,20201217
1_110_50_0_09092.jpg,512,640,1256,20210121
1_130_30_0_07149.jpg,512,640,1257,20210120
1_90_90_0_05050.jpg,512,640,1258,20210118
0_120_90_0_05516.jpg,512,640,1259,20210119
1_60_60_0_07443.jpg,512,640,1260,20210120
1_80_30_0_08564.jpg,512,640,1261,20210121
1_60_70_0_00608.jpg,512,640,1262,20201217
1_130_80_0_10138.jpg,512,640,1263,20210123
0_100_40_0_08131.jpg,512,640,1264,20210121
1_70_80_0_07760.jpg,512,640,1265,20210120
1_70_40_0_07626.jpg,512,640,1266,20210120
1_60_40_0_04115.jpg,512,640,1267,20210116
1_60_80_0_00688.jpg,512,640,1268,20201217
1_60_60_0_00443.jpg,512,640,1269,20201217
1_100_40_0_05127.jpg,512,640,1270,20210118
1_70_60_0_07673.jpg,512,640,1271,20210120
1_60_30_0_00129.jpg,512,640,1272,20201217
1_90_30_0_04829.jpg,512,640,1273,20210118
1_130_70_0_03968.jpg,512,640,1274,20210116
1_100_30_0_05076.jpg,512,640,1275,20210118
1_60_30_0_00066.jpg,512,640,1276,20201217
0_120_30_0_05324.jpg,512,640,1277,20210119
1_110_30_0_05729.jpg,512,640,1278,20210119
0_60_40_0_01643.jpg,512,640,1279,20210115
0_130_50_0_05630.jpg,512,640,1280,20210119
1_60_30_0_00134.jpg,512,640,1281,20201217
0_60_60_0_06581.jpg,512,640,1282,20210120
1_80_90_0_01355.jpg,512,640,1283,20210114
0_100_60_0_03394.jpg,512,640,1284,20210116
1_60_30_0_00124.jpg,512,640,1285,20201217
0_120_50_0_05399.jpg,512,640,1286,20210119
1_60_60_0_00484.jpg,512,640,1287,20201217
0_60_40_0_06495.jpg,512,640,1288,20210120
1_70_50_0_00959.jpg,512,640,1289,20210114
1_130_70_0_10111.jpg,512,640,1290,20210123
1_120_60_0_06073.jpg,512,640,1291,20210119
1_130_80_0_10125.jpg,512,640,1292,20210123
1_60_70_0_00585.jpg,512,640,1293,20201217
0_120_70_0_09603.jpg,512,640,1294,20210123
1_60_30_0_00063.jpg,512,640,1295,20201217
0_70_50_0_01936.jpg,512,640,1296,20210115
1_90_60_0_08902.jpg,512,640,1297,20210121
1_130_40_0_07190.jpg,512,640,1298,20210120
0_110_90_0_08545.jpg,512,640,1299,20210121
1_130_50_0_03899.jpg,512,640,1300,20210116
1_130_80_0_10120.jpg,512,640,1301,20210123
0_60_90_0_01843.jpg,512,640,1302,20210115
1_60_30_0_00056.jpg,512,640,1303,20201217
1_80_60_0_01246.jpg,512,640,1304,20210114
0_70_40_0_01887.jpg,512,640,1305,20210115
0_70_50_0_01940.jpg,512,640,1306,20210115
1_70_80_0_01063.jpg,512,640,1307,20210114
0_130_30_0_05569.jpg,512,640,1308,20210119
1_60_60_0_00415.jpg,512,640,1309,20201217
1_60_30_0_00012.jpg,512,640,1310,20201217
1_60_30_0_00018.jpg,512,640,1311,20201217
1_60_30_0_00080.jpg,512,640,1312,20201217
1_60_50_0_00394.jpg,512,640,1313,20201217
1_80_50_0_01223.jpg,512,640,1314,20210114
1_70_50_0_07635.jpg,512,640,1315,20210120
1_60_80_0_04269.jpg,512,640,1316,20210116
1_60_80_0_00712.jpg,512,640,1317,20201217
1_60_30_0_00089.jpg,512,640,1318,20201217
1_130_30_0_07147.jpg,512,640,1319,20210120
0_70_50_0_01945.jpg,512,640,1320,20210115
1_60_50_0_00401.jpg,512,640,1321,20201217
0_120_40_0_09481.jpg,512,640,1322,20210123
0_60_40_0_06475.jpg,512,640,1323,20210120
1_100_70_0_06336.jpg,512,640,1324,20210119
1_80_90_0_01346.jpg,512,640,1325,20210114
1_130_30_0_09971.jpg,512,640,1326,20210123
1_60_50_0_00343.jpg,512,640,1327,20201217
1_80_60_0_08682.jpg,512,640,1328,20210121
1_80_80_0_01320.jpg,512,640,1329,20210114
1_60_30_0_00013.jpg,512,640,1330,20201217
0_120_80_0_05514.jpg,512,640,1331,20210119
1_60_30_0_00000.jpg,512,640,1332,20201217
1_130_70_0_10104.jpg,512,640,1333,20210123
1_60_30_0_00043.jpg,512,640,1334,20201217
1_60_40_0_04127.jpg,512,640,1335,20210116
0_130_80_0_05688.jpg,512,640,1336,20210119
1_90_90_0_05055.jpg,512,640,1337,20210118
1_90_50_0_08881.jpg,512,640,1338,20210121
0_100_90_0_08288.jpg,512,640,1339,20210121
1_100_80_0_06377.jpg,512,640,1340,20210119
0_80_30_0_02102.jpg,512,640,1341,20210115
1_90_70_0_04983.jpg,512,640,1342,20210118
0_110_80_0_08491.jpg,512,640,1343,20210121
1_60_30_0_00017.jpg,512,640,1344,20201217
1_70_30_0_07588.jpg,512,640,1345,20210120
1_110_60_0_02677.jpg,512,640,1346,20210115
1_60_50_0_00404.jpg,512,640,1347,20201217
1_60_30_0_00077.jpg,512,640,1348,20201217
1_60_80_0_07528.jpg,512,640,1349,20210120
0_130_70_0_05669.jpg,512,640,1350,20210119
1_60_30_0_00021.jpg,512,640,1351,20201217
0_60_40_0_01670.jpg,512,640,1352,20210115
0_60_30_0_01631.jpg,512,640,1353,20210115
1_60_30_0_00070.jpg,512,640,1354,20201217
0_60_80_0_01795.jpg,512,640,1355,20210115
1_60_80_0_00671.jpg,512,640,1356,20201217
0_130_60_0_09772.jpg,512,640,1357,20210123
0_80_30_0_02105.jpg,512,640,1358,20210115
1_70_80_0_04502.jpg,512,640,1359,20210116
0_70_40_0_06721.jpg,512,640,1360,20210120
1_100_70_0_05249.jpg,512,640,1361,20210118
1_60_30_0_00078.jpg,512,640,1362,20201217
1_80_70_0_04736.jpg,512,640,1363,20210118
1_60_60_0_00510.jpg,512,640,1364,20201217
1_130_60_0_10075.jpg,512,640,1365,20210123
1_130_30_0_09956.jpg,512,640,1366,20210123
1_100_30_0_02299.jpg,512,640,1367,20210115
0_130_40_0_09706.jpg,512,640,1368,20210123
1_100_40_0_06239.jpg,512,640,1369,20210119
1_70_40_0_07605.jpg,512,640,1370,20210120
1_120_90_0_03040.jpg,512,640,1371,20210115
0_100_60_0_08189.jpg,512,640,1372,20210121
0_60_80_0_01807.jpg,512,640,1373,20210115
0_130_80_0_05684.jpg,512,640,1374,20210119
1_60_60_0_04206.jpg,512,640,1375,20210116
1_60_70_0_07501.jpg,512,640,1376,20210120
1_130_70_0_07267.jpg,512,640,1377,20210120
1_60_80_0_00674.jpg,512,640,1378,20201217
1_60_60_0_00529.jpg,512,640,1379,20201217
0_60_30_0_06461.jpg,512,640,1380,20210120
1_110_60_0_05825.jpg,512,640,1381,20210119
1_60_70_0_00543.jpg,512,640,1382,20201217
1_60_60_0_04182.jpg,512,640,1383,20210116
1_120_60_0_06067.jpg,512,640,1384,20210119
0_120_90_0_05532.jpg,512,640,1385,20210119
0_120_60_0_09567.jpg,512,640,1386,20210123
0_70_30_0_06702.jpg,512,640,1387,20210120
1_120_60_0_06088.jpg,512,640,1388,20210119
0_130_60_0_05654.jpg,512,640,1389,20210119
1_80_70_0_01267.jpg,512,640,1390,20210114
0_80_80_0_02256.jpg,512,640,1391,20210115
0_100_30_0_03289.jpg,512,640,1392,20210116
1_100_60_0_06334.jpg,512,640,1393,20210119
1_90_80_0_01551.jpg,512,640,1394,20210114
1_80_80_0_01311.jpg,512,640,1395,20210114
1_120_40_0_06021.jpg,512,640,1396,20210119
1_130_50_0_03902.jpg,512,640,1397,20210116
1_130_70_0_03990.jpg,512,640,1398,20210116
1_80_70_0_08728.jpg,512,640,1399,20210121
1_70_60_0_07685.jpg,512,640,1400,20210120
0_70_50_0_06763.jpg,512,640,1401,20210120
1_60_50_0_00331.jpg,512,640,1402,20201217
1_60_50_0_04175.jpg,512,640,1403,20210116
1_100_30_0_06223.jpg,512,640,1404,20210119
1_60_60_0_00431.jpg,512,640,1405,20201217
1_100_60_0_02410.jpg,512,640,1406,20210115
0_100_30_0_08082.jpg,512,640,1407,20210121
1_60_50_0_00371.jpg,512,640,1408,20201217
1_130_50_0_07211.jpg,512,640,1409,20210120
1_60_30_0_00042.jpg,512,640,1410,20201217
1_120_60_0_02927.jpg,512,640,1411,20210115
0_70_40_0_01905.jpg,512,640,1412,20210115
0_100_40_0_08121.jpg,512,640,1413,20210121
1_80_60_0_08697.jpg,512,640,1414,20210121
1_110_60_0_02668.jpg,512,640,1415,20210115
1_130_50_0_03910.jpg,512,640,1416,20210116
1_120_50_0_06044.jpg,512,640,1417,20210119
1_130_70_0_10080.jpg,512,640,1418,20210123
0_130_60_0_09776.jpg,512,640,1419,20210123
1_110_60_0_02663.jpg,512,640,1420,20210115
1_60_50_0_00378.jpg,512,640,1421,20201217
1_130_40_0_09990.jpg,512,640,1422,20210123
1_70_70_0_04473.jpg,512,640,1423,20210116
1_80_70_0_04758.jpg,512,640,1424,20210118
1_60_30_0_00022.jpg,512,640,1425,20201217
0_100_40_0_08115.jpg,512,640,1426,20210121
0_100_30_0_03294.jpg,512,640,1427,20210116
1_60_80_0_00723.jpg,512,640,1428,20201217
1_100_70_0_05223.jpg,512,640,1429,20210118
1_130_90_0_10158.jpg,512,640,1430,20210123
0_60_40_0_01644.jpg,512,640,1431,20210115
1_90_70_0_01542.jpg,512,640,1432,20210114
1_60_90_0_04283.jpg,512,640,1433,20210116
0_60_30_0_01629.jpg,512,640,1434,20210115
0_60_60_0_06579.jpg,512,640,1435,20210120
1_130_40_0_03855.jpg,512,640,1436,20210116
1_120_90_0_09428.jpg,512,640,1437,20210121
1_90_80_0_05021.jpg,512,640,1438,20210118
0_110_70_0_08479.jpg,512,640,1439,20210121
0_60_80_0_06633.jpg,512,640,1440,20210120
1_130_30_0_09957.jpg,512,640,1441,20210123
0_110_50_0_08407.jpg,512,640,1442,20210121
1_90_90_0_09000.jpg,512,640,1443,20210121
1_100_50_0_06271.jpg,512,640,1444,20210119
1_130_40_0_10007.jpg,512,640,1445,20210123
1_120_70_0_02962.jpg,512,640,1446,20210115
1_130_50_0_03889.jpg,512,640,1447,20210116
1_60_30_0_00146.jpg,512,640,1448,20201217
1_60_60_0_00446.jpg,512,640,1449,20201217
0_70_50_0_06760.jpg,512,640,1450,20210120
0_100_40_0_03315.jpg,512,640,1451,20210116
1_110_40_0_02572.jpg,512,640,1452,20210115
0_130_70_0_09814.jpg,512,640,1453,20210123
1_60_80_0_04267.jpg,512,640,1454,20210116
1_120_50_0_09344.jpg,512,640,1455,20210121
1_60_50_0_00303.jpg,512,640,1456,20201217
1_60_70_0_00602.jpg,512,640,1457,20201217
1_130_30_0_09950.jpg,512,640,1458,20210123
1_110_60_0_09129.jpg,512,640,1459,20210121
0_120_50_0_09518.jpg,512,640,1460,20210123
0_70_60_0_01949.jpg,512,640,1461,20210115
1_130_50_0_07214.jpg,512,640,1462,20210120
0_100_80_0_03479.jpg,512,640,1463,20210116
1_60_40_0_07386.jpg,512,640,1464,20210120
1_60_90_0_04308.jpg,512,640,1465,20210116
1_60_50_0_00337.jpg,512,640,1466,20201217
1_60_60_0_00536.jpg,512,640,1467,20201217
1_60_30_0_07349.jpg,512,640,1468,20210120
1_80_30_0_01129.jpg,512,640,1469,20210114
0_120_40_0_05372.jpg,512,640,1470,20210119
0_130_40_0_05603.jpg,512,640,1471,20210119
0_120_70_0_09572.jpg,512,640,1472,20210123
1_110_90_0_05944.jpg,512,640,1473,20210119
1_100_50_0_05153.jpg,512,640,1474,20210118
0_60_70_0_06621.jpg,512,640,1475,20210120
1_120_50_0_09337.jpg,512,640,1476,20210121
1_60_80_0_00666.jpg,512,640,1477,20201217
1_90_80_0_08982.jpg,512,640,1478,20210121
1_70_40_0_07601.jpg,512,640,1479,20210120
1_110_50_0_02633.jpg,512,640,1480,20210115
0_110_60_0_03676.jpg,512,640,1481,20210116
1_120_80_0_06149.jpg,512,640,1482,20210119
1_60_80_0_00681.jpg,512,640,1483,20201217
1_60_70_0_00628.jpg,512,640,1484,20201217
1_100_50_0_02373.jpg,512,640,1485,20210115
0_60_80_0_01787.jpg,512,640,1486,20210115
0_110_50_0_08396.jpg,512,640,1487,20210121
1_110_50_0_05811.jpg,512,640,1488,20210119
1_130_40_0_09992.jpg,512,640,1489,20210123
0_120_80_0_09635.jpg,512,640,1490,20210123
1_100_40_0_06250.jpg,512,640,1491,20210119
1_60_70_0_00577.jpg,512,640,1492,20201217
1_60_80_0_00643.jpg,512,640,1493,20201217
0_130_90_0_05714.jpg,512,640,1494,20210119
1_120_40_0_02857.jpg,512,640,1495,20210115
1_80_70_0_04748.jpg,512,640,1496,20210118
1_60_50_0_00339.jpg,512,640,1497,20201217
0_70_80_0_02035.jpg,512,640,1498,20210115
1_60_80_0_00690.jpg,512,640,1499,20201217
0_100_60_0_08187.jpg,512,640,1500,20210121
1_60_70_0_00622.jpg,512,640,1501,20201217
0_100_40_0_08137.jpg,512,640,1502,20210121
0_110_60_0_08417.jpg,512,640,1503,20210121
0_130_40_0_09736.jpg,512,640,1504,20210123
1_60_30_0_00126.jpg,512,640,1505,20201217
1_130_40_0_09980.jpg,512,640,1506,20210123
0_70_50_0_01932.jpg,512,640,1507,20210115
1_80_50_0_04674.jpg,512,640,1508,20210118
1_130_70_0_07263.jpg,512,640,1509,20210120
0_60_80_0_01781.jpg,512,640,1510,20210115
0_130_60_0_09783.jpg,512,640,1511,20210123
1_130_60_0_07242.jpg,512,640,1512,20210120
1_120_50_0_06032.jpg,512,640,1513,20210119
1_60_30_0_00064.jpg,512,640,1514,20201217
0_120_60_0_09549.jpg,512,640,1515,20210123
1_60_60_0_00501.jpg,512,640,1516,20201217
1_120_40_0_09301.jpg,512,640,1517,20210121
1_120_60_0_09369.jpg,512,640,1518,20210121
0_60_80_0_06625.jpg,512,640,1519,20210120
0_80_70_0_02237.jpg,512,640,1520,20210115
0_110_30_0_03542.jpg,512,640,1521,20210116
1_60_60_0_00514.jpg,512,640,1522,20201217
1_120_30_0_09270.jpg,512,640,1523,20210121
1_60_50_0_00393.jpg,512,640,1524,20201217
1_130_40_0_09978.jpg,512,640,1525,20210123
1_130_40_0_03875.jpg,512,640,1526,20210116
1_60_70_0_00570.jpg,512,640,1527,20201217
0_110_60_0_03674.jpg,512,640,1528,20210116
1_60_50_0_00398.jpg,512,640,1529,20201217
0_130_90_0_05707.jpg,512,640,1530,20210119
0_100_30_0_08093.jpg,512,640,1531,20210121
0_130_30_0_05555.jpg,512,640,1532,20210119
1_100_50_0_02369.jpg,512,640,1533,20210115
0_110_60_0_08437.jpg,512,640,1534,20210121
0_80_30_0_02080.jpg,512,640,1535,20210115
0_110_90_0_08557.jpg,512,640,1536,20210121
0_60_70_0_01761.jpg,512,640,1537,20210115
1_60_60_0_00523.jpg,512,640,1538,20201217
0_130_50_0_09764.jpg,512,640,1539,20210123
0_110_60_0_08424.jpg,512,640,1540,20210121
1_100_80_0_05283.jpg,512,640,1541,20210118
0_120_60_0_09562.jpg,512,640,1542,20210123
1_80_80_0_01308.jpg,512,640,1543,20210114
1_110_40_0_09072.jpg,512,640,1544,20210121
0_110_90_0_03784.jpg,512,640,1545,20210116
0_70_30_0_01876.jpg,512,640,1546,20210115
1_120_40_0_02847.jpg,512,640,1547,20210115
1_130_50_0_03926.jpg,512,640,1548,20210116
0_80_30_0_06926.jpg,512,640,1549,20210120
1_120_30_0_09289.jpg,512,640,1550,20210121
1_60_60_0_00495.jpg,512,640,1551,20201217
0_130_70_0_05661.jpg,512,640,1552,20210119
1_100_50_0_05170.jpg,512,640,1553,20210118
1_60_70_0_00554.jpg,512,640,1554,20201217
1_120_50_0_06034.jpg,512,640,1555,20210119
0_60_60_0_06568.jpg,512,640,1556,20210120
1_130_40_0_09997.jpg,512,640,1557,20210123
1_90_40_0_01405.jpg,512,640,1558,20210114
1_100_90_0_06432.jpg,512,640,1559,20210119
0_130_40_0_09733.jpg,512,640,1560,20210123
1_130_90_0_04049.jpg,512,640,1561,20210116
1_120_70_0_09396.jpg,512,640,1562,20210121
1_90_80_0_05027.jpg,512,640,1563,20210118
0_130_70_0_09822.jpg,512,640,1564,20210123
0_120_50_0_09539.jpg,512,640,1565,20210123
1_70_30_0_07583.jpg,512,640,1566,20210120
1_130_40_0_09998.jpg,512,640,1567,20210123
1_60_70_0_00559.jpg,512,640,1568,20201217
0_130_80_0_09854.jpg,512,640,1569,20210123
0_130_60_0_09778.jpg,512,640,1570,20210123
1_90_30_0_08806.jpg,512,640,1571,20210121
1_60_50_0_00293.jpg,512,640,1572,20201217
0_120_80_0_09614.jpg,512,640,1573,20210123
1_70_80_0_07732.jpg,512,640,1574,20210120
1_100_70_0_05257.jpg,512,640,1575,20210118
1_60_30_0_04086.jpg,512,640,1576,20210116
1_70_90_0_07772.jpg,512,640,1577,20210120
0_100_80_0_08257.jpg,512,640,1578,20210121
1_130_60_0_07247.jpg,512,640,1579,20210120
0_70_40_0_01911.jpg,512,640,1580,20210115
1_60_60_0_00421.jpg,512,640,1581,20201217
0_60_60_0_01726.jpg,512,640,1582,20210115
1_130_40_0_07178.jpg,512,640,1583,20210120
1_120_60_0_02898.jpg,512,640,1584,20210115
1_60_70_0_00633.jpg,512,640,1585,20201217
0_100_60_0_08206.jpg,512,640,1586,20210121
1_110_30_0_09058.jpg,512,640,1587,20210121
1_100_90_0_05285.jpg,512,640,1588,20210118
1_70_90_0_07805.jpg,512,640,1589,20210120
0_120_30_0_05345.jpg,512,640,1590,20210119
0_130_30_0_09697.jpg,512,640,1591,20210123
1_60_80_0_07504.jpg,512,640,1592,20210120
1_80_80_0_01304.jpg,512,640,1593,20210114
1_130_80_0_10115.jpg,512,640,1594,20210123
0_100_30_0_08067.jpg,512,640,1595,20210121
0_120_70_0_09601.jpg,512,640,1596,20210123
1_80_90_0_01358.jpg,512,640,1597,20210114
1_60_30_0_00011.jpg,512,640,1598,20201217
1_120_60_0_02910.jpg,512,640,1599,20210115
1_60_60_0_00460.jpg,512,640,1600,20201217
1_60_60_0_00419.jpg,512,640,1601,20201217
1_130_90_0_10160.jpg,512,640,1602,20210123
0_70_90_0_02077.jpg,512,640,1603,20210115
1_60_60_0_00408.jpg,512,640,1604,20201217
1_90_70_0_08940.jpg,512,640,1605,20210121
1_70_60_0_00984.jpg,512,640,1606,20210114
0_70_50_0_01923.jpg,512,640,1607,20210115
1_60_50_0_00403.jpg,512,640,1608,20201217
0_110_50_0_03634.jpg,512,640,1609,20210116
1_120_80_0_09410.jpg,512,640,1610,20210121
1_90_80_0_01570.jpg,512,640,1611,20210114
0_60_30_0_01620.jpg,512,640,1612,20210115
1_100_60_0_02426.jpg,512,640,1613,20210115
1_130_50_0_07198.jpg,512,640,1614,20210120
1_60_80_0_00662.jpg,512,640,1615,20201217
1_60_30_0_00109.jpg,512,640,1616,20201217
1_60_60_0_00527.jpg,512,640,1617,20201217
1_80_90_0_04796.jpg,512,640,1618,20210118
1_80_30_0_08588.jpg,512,640,1619,20210121
0_70_50_0_06775.jpg,512,640,1620,20210120
1_120_90_0_03010.jpg,512,640,1621,20210115
0_70_80_0_06860.jpg,512,640,1622,20210120
1_90_40_0_01430.jpg,512,640,1623,20210114
0_100_40_0_03317.jpg,512,640,1624,20210116
0_80_70_0_02222.jpg,512,640,1625,20210115
0_110_30_0_08339.jpg,512,640,1626,20210121
0_120_50_0_05381.jpg,512,640,1627,20210119
1_90_30_0_04840.jpg,512,640,1628,20210118
1_60_50_0_00385.jpg,512,640,1629,20201217
1_90_60_0_01497.jpg,512,640,1630,20210114
1_100_70_0_06375.jpg,512,640,1631,20210119
1_110_90_0_05959.jpg,512,640,1632,20210119
1_120_80_0_06140.jpg,512,640,1633,20210119
1_130_60_0_07255.jpg,512,640,1634,20210120
1_90_40_0_04874.jpg,512,640,1635,20210118
1_60_60_0_00486.jpg,512,640,1636,20201217
1_130_70_0_07272.jpg,512,640,1637,20210120
1_60_60_0_00497.jpg,512,640,1638,20201217
1_60_30_0_00083.jpg,512,640,1639,20201217
1_60_30_0_00149.jpg,512,640,1640,20201217
0_120_80_0_05483.jpg,512,640,1641,20210119
0_60_40_0_06503.jpg,512,640,1642,20210120
1_120_40_0_02833.jpg,512,640,1643,20210115
1_90_80_0_08976.jpg,512,640,1644,20210121
1_60_50_0_00376.jpg,512,640,1645,20201217
1_60_30_0_00057.jpg,512,640,1646,20201217
1_110_60_0_02642.jpg,512,640,1647,20210115
1_120_60_0_06058.jpg,512,640,1648,20210119
1_60_60_0_00539.jpg,512,640,1649,20201217
1_80_90_0_08778.jpg,512,640,1650,20210121
1_60_70_0_00634.jpg,512,640,1651,20201217
1_100_60_0_02433.jpg,512,640,1652,20210115
1_60_60_0_00496.jpg,512,640,1653,20201217
1_60_90_0_07558.jpg,512,640,1654,20210120
1_120_60_0_06082.jpg,512,640,1655,20210119
1_70_70_0_04465.jpg,512,640,1656,20210116
1_120_90_0_06191.jpg,512,640,1657,20210119
1_120_70_0_09397.jpg,512,640,1658,20210121
0_60_70_0_06617.jpg,512,640,1659,20210120
1_60_30_0_00073.jpg,512,640,1660,20201217
0_60_90_0_01837.jpg,512,640,1661,20210115
1_110_90_0_02766.jpg,512,640,1662,20210115
0_70_80_0_06842.jpg,512,640,1663,20210120
1_120_80_0_02992.jpg,512,640,1664,20210115
1_100_70_0_06350.jpg,512,640,1665,20210119
1_60_70_0_00623.jpg,512,640,1666,20201217
1_130_40_0_03888.jpg,512,640,1667,20210116
1_130_30_0_07153.jpg,512,640,1668,20210120
1_100_50_0_05163.jpg,512,640,1669,20210118
1_90_50_0_08876.jpg,512,640,1670,20210121
1_60_30_0_00132.jpg,512,640,1671,20201217
1_60_60_0_00437.jpg,512,640,1672,20201217
1_70_40_0_04379.jpg,512,640,1673,20210116
1_60_70_0_00598.jpg,512,640,1674,20201217
0_60_60_0_01734.jpg,512,640,1675,20210115
1_80_90_0_08773.jpg,512,640,1676,20210121
1_110_60_0_05853.jpg,512,640,1677,20210119
1_100_30_0_06207.jpg,512,640,1678,20210119
1_60_60_0_07445.jpg,512,640,1679,20210120
1_60_80_0_00700.jpg,512,640,1680,20201217
1_90_60_0_01481.jpg,512,640,1681,20210114
1_60_60_0_00432.jpg,512,640,1682,20201217
1_60_80_0_00646.jpg,512,640,1683,20201217
1_60_70_0_04230.jpg,512,640,1684,20210116
1_70_70_0_01039.jpg,512,640,1685,20210114
0_60_60_0_06565.jpg,512,640,1686,20210120
0_60_40_0_06506.jpg,512,640,1687,20210120
1_120_90_0_09444.jpg,512,640,1688,20210121
0_100_80_0_08248.jpg,512,640,1689,20210121
1_60_70_0_00584.jpg,512,640,1690,20201217
1_90_40_0_08853.jpg,512,640,1691,20210121
0_130_70_0_05663.jpg,512,640,1692,20210119
0_60_90_0_01824.jpg,512,640,1693,20210115
0_120_90_0_05523.jpg,512,640,1694,20210119
1_60_70_0_00581.jpg,512,640,1695,20201217
1_110_40_0_05757.jpg,512,640,1696,20210119
1_60_80_0_07521.jpg,512,640,1697,20210120
1_110_70_0_05873.jpg,512,640,1698,20210119
1_130_90_0_10152.jpg,512,640,1699,20210123
1_120_30_0_05980.jpg,512,640,1700,20210119
0_80_70_0_07040.jpg,512,640,1701,20210120
0_120_80_0_09623.jpg,512,640,1702,20210123
1_130_70_0_03986.jpg,512,640,1703,20210116
1_70_70_0_01028.jpg,512,640,1704,20210114
1_130_60_0_07256.jpg,512,640,1705,20210120
1_90_90_0_08996.jpg,512,640,1706,20210121
1_130_50_0_07220.jpg,512,640,1707,20210120
1_70_40_0_04351.jpg,512,640,1708,20210116
1_90_40_0_04894.jpg,512,640,1709,20210118
1_90_60_0_08896.jpg,512,640,1710,20210121
0_130_40_0_09716.jpg,512,640,1711,20210123
1_60_50_0_04169.jpg,512,640,1712,20210116
1_70_70_0_07723.jpg,512,640,1713,20210120
0_110_60_0_03682.jpg,512,640,1714,20210116
1_120_70_0_02939.jpg,512,640,1715,20210115
0_120_80_0_09629.jpg,512,640,1716,20210123
1_60_30_0_00136.jpg,512,640,1717,20201217
0_120_60_0_05422.jpg,512,640,1718,20210119
1_60_30_0_00006.jpg,512,640,1719,20201217
1_120_80_0_09418.jpg,512,640,1720,20210121
1_60_50_0_00299.jpg,512,640,1721,20201217
1_80_30_0_01150.jpg,512,640,1722,20210114
1_80_80_0_01323.jpg,512,640,1723,20210114
0_100_40_0_08106.jpg,512,640,1724,20210121
1_70_90_0_04534.jpg,512,640,1725,20210116
1_100_40_0_02359.jpg,512,640,1726,20210115
1_60_50_0_00309.jpg,512,640,1727,20201217
0_70_60_0_06806.jpg,512,640,1728,20210120
1_100_80_0_05264.jpg,512,640,1729,20210118
1_60_30_0_00036.jpg,512,640,1730,20201217
1_80_50_0_01229.jpg,512,640,1731,20210114
0_130_80_0_09837.jpg,512,640,1732,20210123
1_130_30_0_09966.jpg,512,640,1733,20210123
1_130_60_0_10076.jpg,512,640,1734,20210123
1_80_40_0_08626.jpg,512,640,1735,20210121
0_60_40_0_06490.jpg,512,640,1736,20210120
1_60_30_0_00138.jpg,512,640,1737,20201217
1_110_70_0_09182.jpg,512,640,1738,20210121
1_60_60_0_00455.jpg,512,640,1739,20201217
1_120_90_0_03018.jpg,512,640,1740,20210115
0_100_90_0_08282.jpg,512,640,1741,20210121
1_100_40_0_06245.jpg,512,640,1742,20210119
0_80_90_0_02277.jpg,512,640,1743,20210115
1_60_30_0_00088.jpg,512,640,1744,20201217
1_60_50_0_04141.jpg,512,640,1745,20210116
1_60_60_0_00457.jpg,512,640,1746,20201217
1_60_30_0_00092.jpg,512,640,1747,20201217
1_70_40_0_00905.jpg,512,640,1748,20210114
1_120_50_0_09321.jpg,512,640,1749,20210121
0_100_90_0_08296.jpg,512,640,1750,20210121
1_110_30_0_09028.jpg,512,640,1751,20210121
1_130_50_0_07205.jpg,512,640,1752,20210120
1_80_80_0_01314.jpg,512,640,1753,20210114
1_80_30_0_08571.jpg,512,640,1754,20210121
1_60_60_0_00498.jpg,512,640,1755,20201217
0_130_50_0_05625.jpg,512,640,1756,20210119
0_80_60_0_07006.jpg,512,640,1757,20210120
1_130_30_0_07136.jpg,512,640,1758,20210120
1_90_90_0_05044.jpg,512,640,1759,20210118
1_130_70_0_03995.jpg,512,640,1760,20210116
1_60_80_0_00684.jpg,512,640,1761,20201217
0_130_90_0_09867.jpg,512,640,1762,20210123
1_60_50_0_00391.jpg,512,640,1763,20201217
1_130_70_0_10090.jpg,512,640,1764,20210123
0_130_40_0_09703.jpg,512,640,1765,20210123
0_100_30_0_03288.jpg,512,640,1766,20210116
1_60_80_0_00682.jpg,512,640,1767,20201217
0_120_40_0_09490.jpg,512,640,1768,20210123
1_90_60_0_04946.jpg,512,640,1769,20210118
1_130_50_0_03900.jpg,512,640,1770,20210116
1_130_40_0_07168.jpg,512,640,1771,20210120
0_70_80_0_06857.jpg,512,640,1772,20210120
0_70_70_0_02011.jpg,512,640,1773,20210115
1_60_60_0_00439.jpg,512,640,1774,20201217
1_60_30_0_00015.jpg,512,640,1775,20201217
0_80_30_0_02112.jpg,512,640,1776,20210115
1_110_50_0_09108.jpg,512,640,1777,20210121
1_120_40_0_09313.jpg,512,640,1778,20210121
0_70_90_0_02063.jpg,512,640,1779,20210115
1_130_60_0_10072.jpg,512,640,1780,20210123
0_110_40_0_03583.jpg,512,640,1781,20210116
1_60_60_0_00485.jpg,512,640,1782,20201217
1_130_50_0_07204.jpg,512,640,1783,20210120
0_60_70_0_06586.jpg,512,640,1784,20210120
1_80_80_0_01333.jpg,512,640,1785,20210114
1_130_30_0_09955.jpg,512,640,1786,20210123
1_130_30_0_09968.jpg,512,640,1787,20210123
1_130_90_0_07324.jpg,512,640,1788,20210120
1_60_50_0_04160.jpg,512,640,1789,20210116
1_60_50_0_00306.jpg,512,640,1790,20201217
1_130_30_0_09958.jpg,512,640,1791,20210123
1_100_80_0_02477.jpg,512,640,1792,20210115
0_60_30_0_06465.jpg,512,640,1793,20210120
1_60_30_0_00028.jpg,512,640,1794,20201217
0_100_80_0_08238.jpg,512,640,1795,20210121
1_130_60_0_10074.jpg,512,640,1796,20210123
1_60_30_0_00090.jpg,512,640,1797,20201217
0_60_70_0_06605.jpg,512,640,1798,20210120
1_80_80_0_08765.jpg,512,640,1799,20210121
0_120_90_0_09639.jpg,512,640,1800,20210123
0_60_70_0_01743.jpg,512,640,1801,20210115
0_100_30_0_03284.jpg,512,640,1802,20210116
1_80_40_0_01186.jpg,512,640,1803,20210114
1_130_30_0_09977.jpg,512,640,1804,20210123
1_120_30_0_05973.jpg,512,640,1805,20210119
1_120_90_0_06193.jpg,512,640,1806,20210119
1_130_70_0_04001.jpg,512,640,1807,20210116
1_60_60_0_00522.jpg,512,640,1808,20201217
1_90_90_0_08990.jpg,512,640,1809,20210121
1_60_70_0_00625.jpg,512,640,1810,20201217
1_70_90_0_01113.jpg,512,640,1811,20210114
1_60_80_0_00676.jpg,512,640,1812,20201217
1_90_60_0_08915.jpg,512,640,1813,20210121
1_80_40_0_04627.jpg,512,640,1814,20210118
0_120_40_0_05373.jpg,512,640,1815,20210119
1_60_40_0_07381.jpg,512,640,1816,20210120
1_110_40_0_05779.jpg,512,640,1817,20210119
0_60_40_0_01662.jpg,512,640,1818,20210115
1_130_90_0_04062.jpg,512,640,1819,20210116
1_110_30_0_05725.jpg,512,640,1820,20210119
1_110_80_0_02714.jpg,512,640,1821,20210115
1_70_90_0_01121.jpg,512,640,1822,20210114
0_60_30_0_01634.jpg,512,640,1823,20210115
1_110_90_0_09250.jpg,512,640,1824,20210121
0_130_30_0_05586.jpg,512,640,1825,20210119
0_80_90_0_07108.jpg,512,640,1826,20210120
0_100_90_0_08279.jpg,512,640,1827,20210121
1_90_30_0_04850.jpg,512,640,1828,20210118
1_60_80_0_07507.jpg,512,640,1829,20210120
1_80_60_0_04708.jpg,512,640,1830,20210118
0_120_50_0_05402.jpg,512,640,1831,20210119
1_70_60_0_04427.jpg,512,640,1832,20210116
1_60_60_0_00474.jpg,512,640,1833,20201217
1_130_90_0_07331.jpg,512,640,1834,20210120
0_100_30_0_08079.jpg,512,640,1835,20210121
1_130_30_0_07133.jpg,512,640,1836,20210120
1_60_50_0_00345.jpg,512,640,1837,20201217
0_110_90_0_03802.jpg,512,640,1838,20210116
0_120_50_0_05386.jpg,512,640,1839,20210119
1_70_30_0_04340.jpg,512,640,1840,20210116
0_100_90_0_08307.jpg,512,640,1841,20210121
1_100_80_0_02483.jpg,512,640,1842,20210115
1_100_90_0_06427.jpg,512,640,1843,20210119
0_60_90_0_06663.jpg,512,640,1844,20210120
1_70_40_0_07621.jpg,512,640,1845,20210120
1_130_50_0_03929.jpg,512,640,1846,20210116
0_70_50_0_06755.jpg,512,640,1847,20210120
0_70_90_0_02050.jpg,512,640,1848,20210115
1_100_30_0_06200.jpg,512,640,1849,20210119
1_120_60_0_02931.jpg,512,640,1850,20210115
1_80_50_0_08674.jpg,512,640,1851,20210121
0_120_70_0_09590.jpg,512,640,1852,20210123
0_120_50_0_05406.jpg,512,640,1853,20210119
1_70_80_0_07746.jpg,512,640,1854,20210120
1_80_30_0_04585.jpg,512,640,1855,20210118
0_100_50_0_03356.jpg,512,640,1856,20210116
1_120_70_0_06121.jpg,512,640,1857,20210119
0_70_70_0_02001.jpg,512,640,1858,20210115
1_60_30_0_00029.jpg,512,640,1859,20201217
1_110_90_0_09228.jpg,512,640,1860,20210121
0_130_50_0_05627.jpg,512,640,1861,20210119
1_60_50_0_07435.jpg,512,640,1862,20210120
1_60_50_0_07418.jpg,512,640,1863,20210120
1_110_90_0_02757.jpg,512,640,1864,20210115
1_60_80_0_00673.jpg,512,640,1865,20201217
1_100_70_0_06368.jpg,512,640,1866,20210119
1_110_50_0_09101.jpg,512,640,1867,20210121
0_120_90_0_09637.jpg,512,640,1868,20210123
1_60_30_0_04091.jpg,512,640,1869,20210116
1_60_90_0_07546.jpg,512,640,1870,20210120
0_130_90_0_09879.jpg,512,640,1871,20210123
1_130_70_0_07291.jpg,512,640,1872,20210120
0_100_50_0_08171.jpg,512,640,1873,20210121
1_60_70_0_07488.jpg,512,640,1874,20210120
1_60_80_0_00697.jpg,512,640,1875,20201217
1_80_30_0_01134.jpg,512,640,1876,20210114
1_130_80_0_10143.jpg,512,640,1877,20210123
0_120_30_0_09446.jpg,512,640,1878,20210123
0_120_40_0_09497.jpg,512,640,1879,20210123
1_90_50_0_08870.jpg,512,640,1880,20210121
1_100_30_0_06225.jpg,512,640,1881,20210119
1_90_70_0_04969.jpg,512,640,1882,20210118
0_100_40_0_08118.jpg,512,640,1883,20210121
1_60_70_0_00594.jpg,512,640,1884,20201217
1_100_90_0_06418.jpg,512,640,1885,20210119
1_90_70_0_04995.jpg,512,640,1886,20210118
0_80_60_0_02204.jpg,512,640,1887,20210115
1_120_90_0_03031.jpg,512,640,1888,20210115
1_60_70_0_00550.jpg,512,640,1889,20201217
0_130_40_0_05615.jpg,512,640,1890,20210119
1_120_40_0_09307.jpg,512,640,1891,20210121
1_90_90_0_05035.jpg,512,640,1892,20210118
0_80_70_0_07035.jpg,512,640,1893,20210120
0_70_30_0_01868.jpg,512,640,1894,20210115
1_130_40_0_09982.jpg,512,640,1895,20210123
0_60_30_0_06474.jpg,512,640,1896,20210120
1_100_80_0_06386.jpg,512,640,1897,20210119
0_120_50_0_05384.jpg,512,640,1898,20210119
1_60_30_0_00051.jpg,512,640,1899,20201217
1_110_50_0_05799.jpg,512,640,1900,20210119
1_130_30_0_07138.jpg,512,640,1901,20210120
1_60_60_0_00422.jpg,512,640,1902,20201217
1_130_50_0_03901.jpg,512,640,1903,20210116
1_110_30_0_05753.jpg,512,640,1904,20210119
1_130_70_0_03988.jpg,512,640,1905,20210116
1_130_90_0_07346.jpg,512,640,1906,20210120
1_60_70_0_00562.jpg,512,640,1907,20201217
0_120_50_0_09526.jpg,512,640,1908,20210123
0_100_70_0_03440.jpg,512,640,1909,20210116
1_70_60_0_04436.jpg,512,640,1910,20210116
1_130_90_0_10162.jpg,512,640,1911,20210123
1_130_80_0_04008.jpg,512,640,1912,20210116
1_130_60_0_07224.jpg,512,640,1913,20210120
0_120_50_0_09542.jpg,512,640,1914,20210123
1_60_30_0_00082.jpg,512,640,1915,20201217
1_90_50_0_08856.jpg,512,640,1916,20210121
0_70_90_0_06875.jpg,512,640,1917,20210120
0_60_70_0_01751.jpg,512,640,1918,20210115
1_130_60_0_03944.jpg,512,640,1919,20210116
1_100_60_0_05188.jpg,512,640,1920,20210118
1_130_50_0_03894.jpg,512,640,1921,20210116
1_130_50_0_03911.jpg,512,640,1922,20210116
1_60_70_0_00601.jpg,512,640,1923,20201217
0_120_70_0_05482.jpg,512,640,1924,20210119
1_130_70_0_04006.jpg,512,640,1925,20210116
0_60_80_0_06635.jpg,512,640,1926,20210120
1_60_30_0_00142.jpg,512,640,1927,20201217
0_130_30_0_09677.jpg,512,640,1928,20210123
0_100_30_0_08077.jpg,512,640,1929,20210121
1_80_90_0_01340.jpg,512,640,1930,20210114
0_100_60_0_08195.jpg,512,640,1931,20210121
0_70_70_0_06813.jpg,512,640,1932,20210120
1_120_90_0_06187.jpg,512,640,1933,20210119
1_60_70_0_00632.jpg,512,640,1934,20201217
1_60_60_0_00430.jpg,512,640,1935,20201217
1_60_50_0_00367.jpg,512,640,1936,20201217
1_70_60_0_01018.jpg,512,640,1937,20210114
0_60_60_0_01737.jpg,512,640,1938,20210115
0_60_80_0_06642.jpg,512,640,1939,20210120
1_100_30_0_06196.jpg,512,640,1940,20210119
0_100_60_0_03401.jpg,512,640,1941,20210116
0_70_50_0_06781.jpg,512,640,1942,20210120
1_100_40_0_06252.jpg,512,640,1943,20210119
0_100_40_0_03337.jpg,512,640,1944,20210116
1_60_80_0_00653.jpg,512,640,1945,20201217
1_60_50_0_00305.jpg,512,640,1946,20201217
1_60_50_0_04152.jpg,512,640,1947,20210116
1_130_50_0_07206.jpg,512,640,1948,20210120
1_70_30_0_00862.jpg,512,640,1949,20210114
1_60_90_0_07538.jpg,512,640,1950,20210120
0_80_30_0_06905.jpg,512,640,1951,20210120
1_130_30_0_09964.jpg,512,640,1952,20210123
1_70_80_0_04507.jpg,512,640,1953,20210116
0_110_90_0_08532.jpg,512,640,1954,20210121
1_120_90_0_09433.jpg,512,640,1955,20210121
1_60_60_0_00499.jpg,512,640,1956,20201217
1_60_70_0_00635.jpg,512,640,1957,20201217
1_100_90_0_02515.jpg,512,640,1958,20210115
0_110_30_0_03548.jpg,512,640,1959,20210116
1_130_40_0_07169.jpg,512,640,1960,20210120
1_70_80_0_04525.jpg,512,640,1961,20210116
0_120_80_0_09617.jpg,512,640,1962,20210123
0_100_30_0_03280.jpg,512,640,1963,20210116
0_60_90_0_01813.jpg,512,640,1964,20210115
0_130_30_0_05575.jpg,512,640,1965,20210119
1_130_60_0_10043.jpg,512,640,1966,20210123
1_60_50_0_00359.jpg,512,640,1967,20201217
1_60_30_0_00052.jpg,512,640,1968,20201217
0_120_50_0_09528.jpg,512,640,1969,20210123
1_60_30_0_00061.jpg,512,640,1970,20201217
1_130_70_0_04000.jpg,512,640,1971,20210116
0_100_80_0_08260.jpg,512,640,1972,20210121
0_130_70_0_09808.jpg,512,640,1973,20210123
0_110_40_0_08367.jpg,512,640,1974,20210121
0_80_40_0_02118.jpg,512,640,1975,20210115
1_80_50_0_08668.jpg,512,640,1976,20210121
1_60_30_0_00047.jpg,512,640,1977,20201217
1_130_50_0_03920.jpg,512,640,1978,20210116
0_130_40_0_05595.jpg,512,640,1979,20210119
1_80_50_0_01207.jpg,512,640,1980,20210114
0_60_90_0_06666.jpg,512,640,1981,20210120
1_90_60_0_04956.jpg,512,640,1982,20210118
1_130_30_0_07150.jpg,512,640,1983,20210120
1_130_30_0_03832.jpg,512,640,1984,20210116
1_120_50_0_06029.jpg,512,640,1985,20210119
1_60_30_0_00020.jpg,512,640,1986,20201217
0_100_50_0_08140.jpg,512,640,1987,20210121
1_120_90_0_06166.jpg,512,640,1988,20210119
1_110_60_0_09137.jpg,512,640,1989,20210121
0_60_70_0_01745.jpg,512,640,1990,20210115
1_60_30_0_00100.jpg,512,640,1991,20201217
0_100_30_0_08090.jpg,512,640,1992,20210121
1_130_30_0_09973.jpg,512,640,1993,20210123
1_130_60_0_07235.jpg,512,640,1994,20210120
1_80_80_0_04774.jpg,512,640,1995,20210118
0_110_90_0_08542.jpg,512,640,1996,20210121
1_60_30_0_04092.jpg,512,640,1997,20210116
1_120_70_0_09375.jpg,512,640,1998,20210121
0_80_70_0_02213.jpg,512,640,1999,20210115
0_60_60_0_06575.jpg,512,640,2000,20210120
1_100_40_0_05114.jpg,512,640,2001,20210118
1_130_30_0_09974.jpg,512,640,2002,20210123
1_90_30_0_01374.jpg,512,640,2003,20210114
0_120_60_0_05425.jpg,512,640,2004,20210119
1_60_30_0_00039.jpg,512,640,2005,20201217
1_90_70_0_04977.jpg,512,640,2006,20210118
1_60_80_0_00680.jpg,512,640,2007,20201217
0_80_90_0_07116.jpg,512,640,2008,20210120
1_130_80_0_04038.jpg,512,640,2009,20210116
1_90_30_0_08817.jpg,512,640,2010,20210121
0_60_50_0_01691.jpg,512,640,2011,20210115
1_130_50_0_07219.jpg,512,640,2012,20210120
0_130_60_0_05649.jpg,512,640,2013,20210119
1_60_60_0_00504.jpg,512,640,2014,20201217
1_60_80_0_00695.jpg,512,640,2015,20201217
0_100_50_0_08150.jpg,512,640,2016,20210121
0_100_40_0_03344.jpg,512,640,2017,20210116
1_130_30_0_07141.jpg,512,640,2018,20210120
1_60_70_0_00614.jpg,512,640,2019,20201217
1_130_70_0_10088.jpg,512,640,2020,20210123
1_130_30_0_09963.jpg,512,640,2021,20210123
1_120_30_0_09278.jpg,512,640,2022,20210121
0_130_30_0_09694.jpg,512,640,2023,20210123
0_130_40_0_05614.jpg,512,640,2024,20210119
0_60_30_0_06440.jpg,512,640,2025,20210120
1_60_60_0_00418.jpg,512,640,2026,20201217
1_60_60_0_00433.jpg,512,640,2027,20201217
0_130_30_0_09681.jpg,512,640,2028,20210123
